cgpa,avg_ca_score,avg_exam_score,attendance_rate,courses_registered,level,gender,department,performance_category
3.98,18.77,39.74,79.09,8.0,200.0,Female,Accounting,Good
2.47,19.39,28.57,50.58,4.0,100.0,Female,Medicine,Average
4.36,20.17,68.96,90.17,6.0,100.0,Male,Medicine,Good
3.64,20.4,45.9,59.17,6.0,200.0,Male,Electrical Engineering,Good
0.92,2.61,6.3,53.5,5.0,200.0,Female,Civil Engineering,At-Risk
4.89,30.0,70.0,84.59,6.0,200.0,Female,Electrical Engineering,Excellent
3.93,20.35,65.67,63.07,7.0,400.0,Male,Civil Engineering,Good
4.04,22.87,60.66,94.4,6.0,300.0,Male,Mechanical Engineering,Good
1.08,5.28,11.43,42.24,6.0,100.0,Male,Law,At-Risk
2.53,11.49,33.46,79.4,8.0,500.0,Male,Law,Average
2.17,15.44,23.93,68.24,5.0,400.0,Male,Mass Communication,At-Risk
4.67,29.21,57.43,78.06,7.0,300.0,Male,Mechanical Engineering,Excellent
3.4,19.94,39.21,69.92,5.0,100.0,Male,Computer Science,Average
4.2,23.06,53.89,81.64,8.0,500.0,Male,Computer Science,Good
2.5,18.95,26.66,75.21,5.0,400.0,Male,Mass Communication,Average
1.52,7.96,8.81,52.65,8.0,300.0,Male,Mass Communication,At-Risk
3.0,16.44,43.69,67.71,7.0,100.0,Male,Mechanical Engineering,Average
0.79,5.25,12.9,37.45,5.0,100.0,Female,Mass Communication,At-Risk
4.22,30.0,70.0,80.19,7.0,200.0,Male,Accounting,Good
3.34,13.35,41.45,83.16,5.0,200.0,Male,Mechanical Engineering,Average
3.91,27.32,57.13,76.97,5.0,200.0,Female,Civil Engineering,Good
2.1,3.11,31.84,51.19,5.0,300.0,Female,Mechanical Engineering,At-Risk
4.87,30.0,66.12,82.77,7.0,100.0,Male,Law,Excellent
4.52,30.0,69.22,78.69,5.0,200.0,Male,Mechanical Engineering,Excellent
4.0,26.46,62.24,64.01,6.0,500.0,Male,Mechanical Engineering,Good
1.38,9.11,21.88,39.01,6.0,500.0,Female,Medicine,At-Risk
2.6,12.8,34.36,76.19,4.0,100.0,Male,Civil Engineering,Average
0.7,4.34,6.9,36.3,5.0,400.0,Male,Mechanical Engineering,At-Risk
1.19,5.91,5.78,51.38,5.0,500.0,Female,Law,At-Risk
3.57,17.51,43.58,48.1,5.0,300.0,Female,Other,Good
3.85,21.66,48.94,81.9,8.0,200.0,Male,Economics,Good
4.85,30.0,58.96,86.63,5.0,300.0,Male,Mass Communication,Excellent
1.97,7.96,31.05,48.78,6.0,200.0,Female,Mass Communication,At-Risk
2.17,8.97,39.91,57.81,7.0,200.0,Female,Economics,At-Risk
2.61,8.88,29.32,56.4,7.0,500.0,Female,Mass Communication,Average
1.35,10.07,21.2,24.99,7.0,400.0,Female,Computer Science,At-Risk
1.08,9.23,6.91,52.24,6.0,300.0,Male,Computer Science,At-Risk
2.64,17.0,34.53,64.12,8.0,100.0,Female,Mass Communication,Average
1.52,13.95,15.77,45.11,8.0,500.0,Female,Electrical Engineering,At-Risk
3.51,21.52,54.01,62.51,5.0,100.0,Female,Law,Good
2.47,16.76,29.11,44.91,4.0,400.0,Male,Business Administration,Average
4.25,27.0,67.55,83.2,5.0,200.0,Male,Law,Good
3.65,21.45,49.15,89.95,8.0,200.0,Male,Medicine,Good
1.91,8.78,21.48,54.9,8.0,100.0,Female,Computer Science,At-Risk
4.25,30.0,49.41,67.11,7.0,200.0,Female,Civil Engineering,Good
4.12,22.47,59.73,81.71,7.0,400.0,Male,Medicine,Good
2.24,10.13,38.57,56.39,5.0,300.0,Female,Other,At-Risk
1.8,12.95,27.35,60.21,6.0,100.0,Female,Law,At-Risk
3.57,22.69,67.91,78.92,4.0,200.0,Female,Mass Communication,Good
1.13,0.0,27.24,13.69,6.0,100.0,Male,Other,At-Risk
1.4,14.01,17.13,52.25,4.0,300.0,Male,Mass Communication,At-Risk
0.53,2.73,4.92,26.36,4.0,500.0,Male,Economics,At-Risk
4.04,18.69,60.33,64.28,8.0,500.0,Female,Civil Engineering,Good
3.49,26.89,42.18,70.02,8.0,500.0,Female,Accounting,Average
3.67,25.17,60.76,78.19,7.0,100.0,Male,Law,Good
4.01,17.76,59.08,61.75,7.0,300.0,Male,Business Administration,Good
2.57,24.28,37.96,67.83,5.0,100.0,Female,Mass Communication,Average
3.06,21.65,48.33,74.35,6.0,300.0,Female,Medicine,Average
1.13,6.72,29.59,44.02,7.0,300.0,Male,Mechanical Engineering,At-Risk
1.02,14.04,15.58,33.51,6.0,400.0,Male,Other,At-Risk
3.51,21.84,48.21,62.3,5.0,200.0,Female,Mass Communication,Good
2.62,15.58,48.75,71.7,5.0,100.0,Female,Economics,Average
3.04,14.96,50.35,51.41,8.0,300.0,Female,Mechanical Engineering,Average
3.94,26.56,52.63,87.95,5.0,300.0,Female,Mechanical Engineering,Good
3.36,22.52,47.03,68.62,8.0,400.0,Male,Mass Communication,Average
2.99,18.02,43.44,64.93,7.0,100.0,Female,Computer Science,Average
3.02,14.15,45.12,49.12,8.0,400.0,Female,Accounting,Average
1.87,11.86,15.3,50.95,6.0,300.0,Male,Economics,At-Risk
0.64,3.48,0.0,43.8,5.0,400.0,Male,Mechanical Engineering,At-Risk
2.47,8.12,27.41,46.22,4.0,500.0,Male,Mass Communication,Average
1.47,1.43,12.8,52.57,6.0,200.0,Male,Accounting,At-Risk
2.34,16.86,27.59,58.95,5.0,400.0,Male,Computer Science,At-Risk
4.34,13.03,65.84,75.65,4.0,100.0,Female,Civil Engineering,Good
1.55,10.34,20.39,57.18,8.0,500.0,Male,Business Administration,At-Risk
0.76,2.18,12.24,17.13,8.0,300.0,Female,Mechanical Engineering,At-Risk
1.77,17.14,14.93,54.66,5.0,400.0,Female,Other,At-Risk
1.82,8.46,21.8,68.05,7.0,400.0,Female,Civil Engineering,At-Risk
3.48,24.17,53.4,86.14,6.0,400.0,Male,Accounting,Average
3.01,16.06,46.85,69.98,6.0,200.0,Male,Accounting,Average
4.03,24.73,50.59,75.31,7.0,400.0,Male,Mechanical Engineering,Good
3.49,24.62,50.15,65.51,6.0,300.0,Female,Economics,Average
2.33,11.66,50.19,54.92,8.0,400.0,Male,Civil Engineering,At-Risk
4.16,29.96,58.14,85.4,4.0,400.0,Male,Computer Science,Good
1.25,2.54,11.97,36.94,7.0,300.0,Female,Business Administration,At-Risk
0.6,5.09,7.04,44.8,8.0,100.0,Female,Economics,At-Risk
0.91,10.04,13.41,62.19,8.0,200.0,Male,Electrical Engineering,At-Risk
3.75,25.8,51.3,74.39,4.0,500.0,Female,Law,Good
2.58,25.05,35.85,47.5,4.0,300.0,Male,Medicine,Average
1.23,3.54,5.61,31.26,7.0,400.0,Male,Civil Engineering,At-Risk
2.75,9.63,30.86,70.82,8.0,200.0,Male,Economics,Average
1.19,2.14,15.4,43.63,8.0,400.0,Female,Civil Engineering,At-Risk
3.63,25.1,49.55,82.37,8.0,300.0,Male,Medicine,Good
2.51,17.54,30.58,54.76,4.0,200.0,Male,Electrical Engineering,Average
2.21,13.8,29.59,64.88,6.0,100.0,Female,Economics,At-Risk
1.86,5.53,26.48,50.7,7.0,200.0,Male,Computer Science,At-Risk
3.34,23.85,53.82,62.71,7.0,300.0,Male,Computer Science,Average
2.13,6.65,29.0,51.53,7.0,200.0,Male,Mechanical Engineering,At-Risk
0.89,11.16,15.71,28.76,5.0,200.0,Female,Electrical Engineering,At-Risk
1.03,20.47,10.1,62.27,6.0,200.0,Female,Accounting,At-Risk
4.83,30.0,70.0,86.98,6.0,200.0,Female,Electrical Engineering,Excellent
4.59,30.0,67.25,91.51,8.0,400.0,Male,Mechanical Engineering,Excellent
3.65,19.43,58.01,68.42,5.0,300.0,Female,Electrical Engineering,Good
1.7,1.13,29.46,39.84,5.0,300.0,Female,Mass Communication,At-Risk
4.86,26.15,70.0,86.0,4.0,100.0,Female,Law,Excellent
4.0,18.56,55.27,89.06,4.0,300.0,Female,Mechanical Engineering,Good
3.73,15.12,54.12,69.5,8.0,500.0,Female,Electrical Engineering,Good
2.52,23.74,43.82,51.56,8.0,400.0,Male,Mass Communication,Average
1.73,11.71,18.93,52.26,5.0,300.0,Male,Medicine,At-Risk
0.93,7.5,8.05,46.2,7.0,200.0,Female,Mass Communication,At-Risk
4.56,25.83,65.32,100.0,6.0,200.0,Male,Electrical Engineering,Excellent
2.55,14.44,39.04,64.15,8.0,100.0,Female,Civil Engineering,Average
1.41,13.29,13.16,53.37,5.0,100.0,Female,Electrical Engineering,At-Risk
1.88,11.1,25.68,59.71,8.0,400.0,Male,Business Administration,At-Risk
3.11,21.29,42.74,55.75,5.0,500.0,Female,Electrical Engineering,Average
1.3,6.79,0.41,35.91,7.0,500.0,Male,Computer Science,At-Risk
4.35,24.42,59.21,71.42,5.0,400.0,Female,Accounting,Good
3.91,16.45,53.53,63.64,7.0,500.0,Male,Other,Good
3.74,12.54,51.04,82.81,5.0,300.0,Male,Medicine,Good
2.44,13.36,45.55,62.23,8.0,200.0,Female,Law,Average
3.32,20.22,36.79,70.67,7.0,200.0,Male,Law,Average
3.13,12.34,37.2,41.61,5.0,200.0,Male,Other,Average
3.42,20.37,27.04,91.65,8.0,400.0,Male,Electrical Engineering,Average
0.88,5.55,8.47,31.62,7.0,100.0,Female,Mechanical Engineering,At-Risk
2.37,3.45,30.03,78.97,6.0,500.0,Male,Economics,At-Risk
0.69,0.0,5.54,23.75,4.0,400.0,Male,Mass Communication,At-Risk
2.72,18.37,46.98,54.55,8.0,200.0,Male,Law,Average
1.98,13.84,34.67,31.78,7.0,400.0,Female,Law,At-Risk
1.15,1.13,16.73,47.43,7.0,100.0,Male,Civil Engineering,At-Risk
0.97,6.58,10.55,30.57,8.0,300.0,Male,Business Administration,At-Risk
3.14,23.98,52.23,57.0,7.0,100.0,Female,Computer Science,Average
1.27,11.49,17.59,31.49,5.0,100.0,Male,Civil Engineering,At-Risk
4.66,27.5,58.74,93.73,5.0,100.0,Female,Electrical Engineering,Excellent
3.11,16.35,29.88,74.49,4.0,400.0,Male,Other,Average
2.06,9.22,25.32,72.85,4.0,400.0,Female,Electrical Engineering,At-Risk
3.16,21.29,50.26,61.05,7.0,500.0,Male,Civil Engineering,Average
0.6,4.59,26.65,39.42,8.0,500.0,Female,Mass Communication,At-Risk
4.81,30.0,67.88,74.87,4.0,500.0,Female,Other,Excellent
2.67,16.68,31.26,58.69,6.0,500.0,Male,Business Administration,Average
4.02,28.23,46.83,73.08,4.0,100.0,Male,Accounting,Good
0.87,5.71,16.63,45.11,6.0,400.0,Male,Accounting,At-Risk
2.69,20.06,23.54,72.45,7.0,400.0,Male,Mass Communication,Average
2.71,20.6,42.32,72.41,8.0,100.0,Female,Law,Average
4.72,24.3,70.0,78.21,8.0,100.0,Male,Accounting,Excellent
3.07,9.4,46.51,76.86,5.0,500.0,Female,Business Administration,Average
2.63,23.5,35.07,61.13,8.0,500.0,Male,Business Administration,Average
1.7,11.49,28.34,47.17,7.0,200.0,Female,Medicine,At-Risk
1.99,3.38,29.26,46.82,5.0,100.0,Female,Mass Communication,At-Risk
2.84,13.49,33.58,58.52,5.0,200.0,Female,Computer Science,Average
2.48,18.71,49.45,77.12,4.0,100.0,Female,Law,Average
0.6,2.19,5.55,40.24,8.0,400.0,Female,Accounting,At-Risk
4.22,22.75,65.26,82.37,5.0,200.0,Female,Electrical Engineering,Good
4.53,30.0,44.11,81.77,5.0,100.0,Female,Electrical Engineering,Excellent
1.13,1.55,26.05,68.03,6.0,500.0,Male,Civil Engineering,At-Risk
2.99,13.97,53.65,78.97,4.0,500.0,Female,Mechanical Engineering,Average
0.99,6.99,14.08,34.65,8.0,500.0,Female,Electrical Engineering,At-Risk
3.53,23.1,53.82,69.56,7.0,500.0,Female,Civil Engineering,Good
1.77,13.08,29.19,49.04,4.0,100.0,Female,Mass Communication,At-Risk
3.47,25.36,43.4,73.07,4.0,400.0,Male,Medicine,Average
3.77,23.62,57.18,68.25,4.0,400.0,Male,Mechanical Engineering,Good
3.96,26.2,48.96,81.9,8.0,400.0,Male,Medicine,Good
0.98,4.61,8.92,56.34,6.0,200.0,Male,Business Administration,At-Risk
4.62,28.05,70.0,72.33,7.0,200.0,Male,Law,Excellent
1.54,9.75,29.3,37.15,4.0,500.0,Male,Mechanical Engineering,At-Risk
0.67,5.09,3.71,33.19,5.0,100.0,Female,Computer Science,At-Risk
3.0,21.84,36.09,61.59,6.0,400.0,Female,Civil Engineering,Average
2.17,15.79,25.2,76.01,5.0,400.0,Female,Other,At-Risk
4.23,25.63,65.14,90.83,7.0,400.0,Male,Economics,Good
4.14,20.78,49.92,89.09,8.0,300.0,Male,Computer Science,Good
1.93,11.9,29.83,50.48,5.0,400.0,Female,Other,At-Risk
4.79,28.59,70.0,84.59,7.0,500.0,Male,Mass Communication,Excellent
1.81,11.82,24.62,37.19,8.0,400.0,Female,Accounting,At-Risk
2.82,27.94,47.53,71.63,8.0,100.0,Female,Law,Average
1.65,7.29,20.69,54.73,4.0,200.0,Female,Mechanical Engineering,At-Risk
4.71,30.0,64.26,99.41,4.0,200.0,Male,Economics,Excellent
1.24,12.79,9.55,42.78,8.0,200.0,Female,Other,At-Risk
0.7,4.7,17.97,37.01,8.0,200.0,Female,Business Administration,At-Risk
2.46,26.44,28.28,61.2,5.0,200.0,Male,Computer Science,Average
4.97,27.9,70.0,98.51,6.0,400.0,Male,Law,Excellent
4.51,28.7,62.61,69.45,6.0,100.0,Female,Law,Excellent
3.87,19.22,45.74,83.79,7.0,400.0,Male,Law,Good
4.51,25.29,58.25,83.9,7.0,400.0,Female,Medicine,Excellent
4.52,28.37,70.0,73.66,5.0,500.0,Male,Electrical Engineering,Excellent
2.83,21.24,41.3,43.17,8.0,100.0,Female,Electrical Engineering,Average
1.92,13.13,18.83,51.7,4.0,200.0,Male,Law,At-Risk
3.97,30.0,58.08,92.17,4.0,500.0,Male,Mass Communication,Good
3.48,20.39,47.52,88.48,8.0,300.0,Male,Computer Science,Average
2.18,11.43,58.17,59.73,4.0,300.0,Male,Economics,At-Risk
0.93,19.07,15.23,60.72,8.0,100.0,Male,Accounting,At-Risk
3.86,25.13,51.0,75.9,5.0,400.0,Female,Civil Engineering,Good
1.68,6.49,34.9,59.71,5.0,200.0,Male,Medicine,At-Risk
4.72,24.82,51.29,82.08,4.0,500.0,Male,Other,Excellent
1.58,4.79,22.94,43.87,8.0,200.0,Male,Mass Communication,At-Risk
1.05,11.0,30.69,35.85,5.0,100.0,Female,Electrical Engineering,At-Risk
4.24,23.62,58.43,60.27,4.0,300.0,Female,Accounting,Good
1.19,7.78,2.79,57.15,6.0,300.0,Female,Other,At-Risk
1.31,7.52,15.13,39.26,4.0,300.0,Male,Mechanical Engineering,At-Risk
3.2,22.84,56.4,60.35,7.0,500.0,Female,Mass Communication,Average
4.44,22.38,65.11,71.43,4.0,200.0,Male,Accounting,Good
1.38,2.93,12.66,44.56,6.0,200.0,Female,Accounting,At-Risk
1.9,12.5,21.07,70.39,5.0,400.0,Male,Mechanical Engineering,At-Risk
4.0,26.99,51.5,98.92,4.0,100.0,Female,Other,Good
4.87,30.0,70.0,71.87,4.0,500.0,Female,Accounting,Excellent
2.75,12.47,49.25,59.5,6.0,200.0,Male,Economics,Average
1.15,10.27,24.48,33.43,5.0,200.0,Female,Accounting,At-Risk
0.56,0.0,11.53,46.64,4.0,100.0,Male,Computer Science,At-Risk
1.53,6.59,10.82,51.27,4.0,200.0,Female,Law,At-Risk
1.09,1.84,4.68,36.75,8.0,300.0,Female,Civil Engineering,At-Risk
3.55,27.8,53.96,73.32,7.0,400.0,Female,Mechanical Engineering,Good
1.05,9.46,3.91,37.8,7.0,500.0,Female,Law,At-Risk
2.78,19.7,37.09,79.48,8.0,400.0,Male,Mechanical Engineering,Average
3.62,27.98,53.17,78.96,4.0,200.0,Male,Medicine,Good
3.12,30.0,34.51,74.08,7.0,500.0,Female,Accounting,Average
1.4,0.0,11.39,20.12,7.0,100.0,Male,Law,At-Risk
4.12,21.02,56.91,78.75,5.0,200.0,Male,Computer Science,Good
3.72,19.24,56.1,95.46,6.0,200.0,Male,Law,Good
3.83,18.7,62.05,89.17,7.0,300.0,Female,Mechanical Engineering,Good
1.09,1.15,20.11,24.61,7.0,200.0,Male,Mass Communication,At-Risk
1.06,4.84,15.39,39.55,5.0,500.0,Male,Civil Engineering,At-Risk
4.67,21.96,59.47,74.07,7.0,200.0,Male,Computer Science,Excellent
2.29,15.41,23.48,74.58,7.0,200.0,Male,Accounting,At-Risk
1.85,11.38,21.87,54.69,4.0,400.0,Female,Computer Science,At-Risk
2.7,18.6,41.06,54.71,6.0,300.0,Female,Mechanical Engineering,Average
3.48,23.44,51.45,72.14,6.0,300.0,Female,Medicine,Average
4.8,30.0,50.41,61.53,5.0,500.0,Female,Economics,Excellent
1.79,8.87,18.76,40.62,4.0,300.0,Male,Medicine,At-Risk
4.66,30.0,70.0,86.3,4.0,100.0,Female,Mass Communication,Excellent
0.61,4.84,9.2,45.8,7.0,400.0,Male,Accounting,At-Risk
3.0,8.68,30.64,46.57,8.0,400.0,Male,Accounting,Average
3.35,15.11,65.79,66.42,6.0,200.0,Male,Computer Science,Average
0.98,0.0,13.44,51.82,8.0,500.0,Male,Civil Engineering,At-Risk
1.13,6.88,18.92,29.06,8.0,200.0,Female,Medicine,At-Risk
2.39,13.71,36.6,60.92,7.0,100.0,Male,Computer Science,At-Risk
4.85,26.75,64.93,88.84,6.0,100.0,Female,Civil Engineering,Excellent
3.18,29.15,38.73,85.33,8.0,400.0,Male,Electrical Engineering,Average
4.7,30.0,70.0,84.08,7.0,200.0,Male,Mass Communication,Excellent
4.12,28.35,65.7,77.72,8.0,300.0,Male,Economics,Good
2.6,10.96,43.02,69.79,8.0,400.0,Male,Medicine,Average
4.03,19.19,61.05,65.11,4.0,500.0,Male,Medicine,Good
0.58,3.67,0.1,34.75,7.0,300.0,Female,Mechanical Engineering,At-Risk
0.99,6.81,24.1,37.34,7.0,500.0,Female,Computer Science,At-Risk
4.23,16.11,52.51,79.4,8.0,200.0,Female,Business Administration,Good
4.09,23.61,59.47,87.51,5.0,500.0,Male,Mechanical Engineering,Good
1.55,9.35,8.54,54.1,8.0,200.0,Female,Civil Engineering,At-Risk
2.89,16.26,24.11,57.17,6.0,100.0,Female,Civil Engineering,Average
3.23,15.3,47.73,70.09,5.0,400.0,Male,Law,Average
4.4,23.73,55.19,97.76,4.0,400.0,Female,Civil Engineering,Good
3.21,18.4,29.08,60.25,5.0,500.0,Female,Electrical Engineering,Average
2.36,14.59,37.32,59.73,8.0,500.0,Female,Other,At-Risk
2.18,16.13,47.53,54.27,7.0,100.0,Male,Computer Science,At-Risk
2.42,19.9,44.95,58.37,7.0,400.0,Male,Mechanical Engineering,Average
3.43,19.13,46.01,54.9,8.0,400.0,Male,Civil Engineering,Average
4.4,24.14,61.72,96.95,5.0,400.0,Male,Computer Science,Good
2.54,17.44,42.7,52.77,7.0,100.0,Male,Mass Communication,Average
1.62,12.75,31.59,59.64,5.0,100.0,Male,Civil Engineering,At-Risk
1.56,7.22,19.16,42.57,8.0,400.0,Male,Law,At-Risk
3.86,27.09,54.27,70.03,6.0,500.0,Female,Electrical Engineering,Good
4.17,29.95,60.85,92.23,8.0,100.0,Male,Accounting,Good
0.97,12.3,18.06,51.62,7.0,100.0,Male,Electrical Engineering,At-Risk
0.8,13.69,10.13,41.68,7.0,300.0,Male,Mechanical Engineering,At-Risk
3.17,14.72,43.49,75.71,8.0,200.0,Male,Business Administration,Average
1.16,7.02,27.25,41.01,7.0,500.0,Female,Mass Communication,At-Risk
4.21,25.32,68.63,80.45,5.0,500.0,Female,Civil Engineering,Good
1.9,10.89,30.37,46.14,6.0,300.0,Female,Law,At-Risk
1.15,3.64,29.82,52.81,6.0,500.0,Female,Electrical Engineering,At-Risk
4.64,20.44,61.93,78.8,4.0,200.0,Male,Mechanical Engineering,Excellent
1.24,7.93,30.41,59.79,6.0,500.0,Female,Economics,At-Risk
1.78,6.85,29.28,48.22,6.0,300.0,Female,Accounting,At-Risk
1.19,7.58,42.85,44.5,5.0,300.0,Male,Accounting,At-Risk
1.02,2.15,4.74,49.82,4.0,100.0,Female,Medicine,At-Risk
0.6,0.0,2.82,37.38,6.0,100.0,Female,Computer Science,At-Risk
0.75,5.67,13.84,36.01,6.0,100.0,Female,Medicine,At-Risk
1.29,8.47,21.18,45.13,4.0,300.0,Male,Mass Communication,At-Risk
0.74,7.34,25.96,47.82,7.0,100.0,Male,Law,At-Risk
3.16,29.89,38.9,61.29,4.0,100.0,Male,Civil Engineering,Average
3.56,22.77,57.12,71.5,4.0,400.0,Male,Civil Engineering,Good
2.27,16.05,41.1,57.36,6.0,500.0,Female,Other,At-Risk
1.93,6.2,32.67,61.82,5.0,100.0,Male,Law,At-Risk
2.77,10.19,31.1,62.25,8.0,300.0,Female,Other,Average
4.44,30.0,70.0,100.0,4.0,500.0,Male,Other,Good
4.33,21.36,70.0,80.4,5.0,300.0,Male,Business Administration,Good
0.7,0.0,14.54,35.97,7.0,100.0,Female,Electrical Engineering,At-Risk
1.32,7.7,20.07,44.09,5.0,100.0,Male,Mechanical Engineering,At-Risk
1.57,8.94,23.72,35.62,8.0,500.0,Male,Civil Engineering,At-Risk
1.62,5.22,22.08,39.1,7.0,300.0,Male,Mass Communication,At-Risk
3.07,16.9,48.11,61.54,8.0,100.0,Male,Civil Engineering,Average
2.37,20.39,33.47,69.84,8.0,500.0,Female,Civil Engineering,At-Risk
0.72,0.3,3.31,38.33,4.0,500.0,Female,Mass Communication,At-Risk
2.18,6.12,22.15,51.33,6.0,400.0,Female,Electrical Engineering,At-Risk
2.86,21.85,33.98,76.55,7.0,100.0,Female,Medicine,Average
0.96,8.21,15.18,57.0,4.0,100.0,Male,Economics,At-Risk
4.25,22.4,59.29,93.56,6.0,200.0,Female,Other,Good
0.73,0.0,12.0,30.28,7.0,100.0,Male,Accounting,At-Risk
4.66,24.25,69.27,80.99,7.0,300.0,Male,Accounting,Excellent
0.95,5.4,8.23,59.49,6.0,200.0,Female,Mass Communication,At-Risk
4.3,30.0,70.0,83.96,8.0,400.0,Male,Other,Good
4.56,22.19,61.73,82.07,7.0,100.0,Female,Law,Excellent
4.91,29.03,65.25,96.08,4.0,400.0,Female,Medicine,Excellent
4.11,28.03,61.39,89.38,5.0,500.0,Male,Mass Communication,Good
4.01,12.14,41.42,72.38,8.0,100.0,Male,Other,Good
3.39,25.52,41.15,72.89,4.0,400.0,Female,Law,Average
4.01,18.12,63.93,87.33,4.0,300.0,Female,Civil Engineering,Good
1.11,8.29,1.58,31.66,5.0,100.0,Female,Medicine,At-Risk
2.91,18.71,49.71,65.07,8.0,200.0,Female,Mechanical Engineering,Average
2.81,22.31,51.49,52.62,7.0,400.0,Male,Accounting,Average
4.36,28.91,58.07,72.47,4.0,500.0,Male,Business Administration,Good
2.58,3.61,38.49,55.36,5.0,200.0,Female,Other,Average
2.23,9.47,40.21,61.57,8.0,100.0,Male,Economics,At-Risk
3.38,20.96,43.56,67.32,5.0,200.0,Female,Other,Average
1.7,9.22,30.73,43.9,6.0,500.0,Female,Law,At-Risk
1.13,9.16,10.44,44.06,6.0,300.0,Female,Mass Communication,At-Risk
2.65,19.85,33.29,50.34,7.0,300.0,Male,Electrical Engineering,Average
2.38,17.3,26.87,62.8,7.0,100.0,Female,Law,At-Risk
1.55,8.21,24.39,59.87,8.0,400.0,Male,Mechanical Engineering,At-Risk
2.15,3.69,39.42,55.05,4.0,300.0,Female,Economics,At-Risk
2.15,10.62,28.61,53.76,6.0,300.0,Male,Accounting,At-Risk
1.97,13.92,17.46,57.42,7.0,500.0,Female,Mechanical Engineering,At-Risk
2.21,7.79,22.24,36.21,6.0,300.0,Male,Other,At-Risk
3.59,24.67,53.36,78.4,7.0,500.0,Male,Mass Communication,Good
1.84,15.56,40.46,83.05,7.0,300.0,Male,Economics,At-Risk
4.77,29.25,69.93,86.01,5.0,200.0,Female,Computer Science,Excellent
4.62,12.42,61.63,84.29,4.0,500.0,Male,Mechanical Engineering,Excellent
2.66,9.59,43.43,69.41,8.0,400.0,Male,Mechanical Engineering,Average
1.98,21.3,25.77,70.18,8.0,400.0,Male,Other,At-Risk
2.91,14.72,37.71,74.66,8.0,200.0,Male,Business Administration,Average
4.32,15.99,52.79,60.27,5.0,400.0,Male,Computer Science,Good
3.44,26.8,59.38,76.87,5.0,300.0,Male,Economics,Average
4.12,24.79,37.36,100.0,5.0,100.0,Female,Other,Good
2.9,22.91,46.94,70.99,4.0,200.0,Female,Economics,Average
3.35,21.47,43.16,58.63,4.0,500.0,Female,Business Administration,Average
1.8,13.07,21.87,54.38,5.0,300.0,Female,Electrical Engineering,At-Risk
3.81,24.66,66.84,62.88,8.0,400.0,Male,Mass Communication,Good
1.41,11.95,14.04,59.26,5.0,100.0,Female,Electrical Engineering,At-Risk
3.63,30.0,45.33,63.96,6.0,200.0,Male,Other,Good
4.37,30.0,60.18,83.22,6.0,500.0,Female,Mechanical Engineering,Good
1.09,0.0,18.63,34.56,5.0,300.0,Male,Electrical Engineering,At-Risk
3.26,21.82,42.17,63.71,8.0,500.0,Male,Civil Engineering,Average
0.93,11.27,0.4,56.0,4.0,500.0,Male,Computer Science,At-Risk
3.77,28.61,45.79,76.22,8.0,200.0,Female,Computer Science,Good
0.88,3.15,22.57,34.97,7.0,500.0,Male,Mechanical Engineering,At-Risk
4.71,30.0,66.56,75.09,5.0,400.0,Female,Medicine,Excellent
1.12,11.35,19.27,24.7,7.0,100.0,Male,Law,At-Risk
4.81,30.0,65.32,75.27,6.0,100.0,Male,Mechanical Engineering,Excellent
4.1,20.87,52.18,80.37,8.0,100.0,Female,Medicine,Good
3.17,16.49,57.82,77.86,4.0,400.0,Female,Civil Engineering,Average
4.02,22.6,54.8,72.66,4.0,100.0,Female,Business Administration,Good
4.08,22.02,53.55,94.64,6.0,200.0,Female,Civil Engineering,Good
4.76,24.09,70.0,79.91,8.0,300.0,Female,Mass Communication,Excellent
1.64,0.0,17.18,47.3,4.0,100.0,Male,Accounting,At-Risk
3.16,16.76,39.42,57.07,7.0,200.0,Female,Accounting,Average
0.93,7.41,13.07,51.04,8.0,400.0,Female,Mass Communication,At-Risk
3.27,17.17,45.82,90.25,6.0,500.0,Male,Medicine,Average
1.27,17.3,19.87,27.63,8.0,300.0,Male,Electrical Engineering,At-Risk
3.04,18.32,59.33,63.05,7.0,400.0,Female,Mechanical Engineering,Average
3.08,24.91,45.75,79.56,5.0,300.0,Male,Civil Engineering,Average
2.6,16.89,17.33,46.69,8.0,300.0,Female,Electrical Engineering,Average
2.85,21.24,42.54,69.89,7.0,300.0,Male,Medicine,Average
3.94,25.02,55.43,89.47,4.0,500.0,Male,Accounting,Good
4.1,30.0,57.7,79.94,6.0,100.0,Male,Computer Science,Good
2.71,16.57,39.97,68.08,7.0,300.0,Male,Business Administration,Average
3.2,21.67,44.54,85.99,8.0,100.0,Male,Mass Communication,Average
4.69,29.98,65.25,100.0,7.0,500.0,Male,Mass Communication,Excellent
1.04,4.79,19.45,41.85,6.0,400.0,Female,Other,At-Risk
1.03,8.19,10.04,37.0,5.0,100.0,Female,Other,At-Risk
0.89,16.54,4.94,31.54,4.0,400.0,Male,Economics,At-Risk
3.46,19.41,70.0,81.29,4.0,300.0,Male,Other,Average
2.38,16.4,27.65,44.89,7.0,100.0,Female,Other,At-Risk
3.98,30.0,56.58,75.29,8.0,500.0,Female,Economics,Good
3.52,26.82,37.32,73.27,4.0,200.0,Female,Business Administration,Good
2.0,12.07,28.95,48.99,7.0,100.0,Female,Other,At-Risk
4.54,15.34,56.13,87.31,6.0,400.0,Male,Business Administration,Excellent
3.93,26.17,51.5,100.0,4.0,200.0,Male,Electrical Engineering,Good
1.72,0.0,32.4,49.39,5.0,400.0,Male,Electrical Engineering,At-Risk
2.14,20.18,33.72,51.31,5.0,100.0,Female,Economics,At-Risk
1.91,12.34,31.36,63.13,7.0,500.0,Female,Computer Science,At-Risk
1.21,12.25,2.76,46.91,5.0,300.0,Female,Electrical Engineering,At-Risk
1.17,2.48,31.01,58.37,8.0,300.0,Female,Mechanical Engineering,At-Risk
4.71,20.51,56.44,88.2,5.0,500.0,Female,Accounting,Excellent
2.47,16.13,46.82,57.16,4.0,300.0,Female,Accounting,Average
2.22,13.18,39.32,38.86,4.0,100.0,Male,Accounting,At-Risk
3.78,20.24,57.59,59.21,6.0,300.0,Male,Accounting,Good
2.99,18.35,35.0,47.5,6.0,400.0,Male,Other,Average
4.71,30.0,67.19,90.34,7.0,200.0,Female,Mechanical Engineering,Excellent
4.01,28.24,52.39,64.51,6.0,100.0,Male,Accounting,Good
2.66,21.19,37.43,74.44,4.0,100.0,Female,Economics,Average
2.19,17.38,28.71,56.63,5.0,500.0,Male,Civil Engineering,At-Risk
4.94,30.0,52.85,86.84,6.0,100.0,Female,Electrical Engineering,Excellent
3.73,21.43,61.19,66.32,5.0,300.0,Female,Computer Science,Good
4.78,18.41,66.28,93.59,7.0,500.0,Male,Civil Engineering,Excellent
1.03,5.26,10.59,34.35,8.0,200.0,Female,Mechanical Engineering,At-Risk
4.33,30.0,56.1,72.08,5.0,200.0,Female,Mechanical Engineering,Good
3.37,15.35,50.0,82.29,6.0,400.0,Male,Mechanical Engineering,Average
1.05,5.41,7.53,46.13,8.0,400.0,Male,Medicine,At-Risk
3.15,15.42,26.02,65.42,5.0,100.0,Female,Mass Communication,Average
3.59,29.03,53.48,79.46,6.0,300.0,Female,Accounting,Good
0.56,7.08,11.93,36.75,5.0,100.0,Male,Computer Science,At-Risk
2.54,18.52,34.02,64.36,7.0,200.0,Female,Law,Average
4.21,28.39,49.82,72.4,7.0,200.0,Male,Electrical Engineering,Good
1.83,10.79,26.32,72.65,4.0,500.0,Female,Computer Science,At-Risk
2.56,16.37,24.17,54.97,4.0,500.0,Female,Economics,Average
2.49,9.02,26.65,75.45,4.0,400.0,Male,Business Administration,Average
1.86,0.22,20.02,50.42,4.0,400.0,Male,Civil Engineering,At-Risk
4.63,28.55,70.0,93.67,4.0,100.0,Female,Other,Excellent
4.02,25.71,53.32,85.53,7.0,100.0,Male,Electrical Engineering,Good
1.0,12.03,10.38,53.44,8.0,400.0,Male,Computer Science,At-Risk
4.99,30.0,70.0,81.43,6.0,300.0,Male,Economics,Excellent
4.46,30.0,65.21,94.23,8.0,300.0,Male,Business Administration,Good
1.78,5.68,27.6,69.8,7.0,400.0,Male,Law,At-Risk
4.27,23.83,56.77,78.61,8.0,200.0,Female,Computer Science,Good
0.98,8.27,8.93,42.09,7.0,400.0,Female,Business Administration,At-Risk
5.0,30.0,52.45,84.72,4.0,400.0,Female,Electrical Engineering,Excellent
3.5,28.37,56.69,68.48,6.0,200.0,Male,Computer Science,Average
3.43,26.15,51.54,88.22,6.0,400.0,Male,Accounting,Average
0.91,3.5,11.26,30.84,7.0,100.0,Female,Law,At-Risk
4.54,22.8,62.42,75.02,7.0,200.0,Female,Electrical Engineering,Excellent
0.63,7.73,14.72,53.67,4.0,400.0,Female,Mass Communication,At-Risk
1.58,4.0,9.73,55.25,7.0,500.0,Male,Accounting,At-Risk
1.14,5.67,11.29,64.93,8.0,100.0,Male,Accounting,At-Risk
4.0,23.4,46.85,73.44,4.0,400.0,Female,Other,Good
1.39,16.32,33.66,47.97,6.0,300.0,Male,Civil Engineering,At-Risk
4.6,25.81,70.0,78.57,8.0,400.0,Female,Mechanical Engineering,Excellent
3.45,8.52,30.72,72.87,4.0,400.0,Female,Law,Average
0.66,6.5,0.0,20.21,4.0,100.0,Female,Electrical Engineering,At-Risk
0.52,0.0,6.28,43.14,8.0,400.0,Male,Mass Communication,At-Risk
0.73,4.61,6.47,42.02,4.0,200.0,Female,Mass Communication,At-Risk
3.23,18.93,34.58,68.14,7.0,100.0,Female,Other,Average
4.11,23.27,70.0,75.38,8.0,300.0,Female,Accounting,Good
1.57,13.39,24.53,39.93,6.0,100.0,Female,Economics,At-Risk
4.32,18.27,64.31,89.15,6.0,400.0,Male,Mass Communication,Good
0.76,1.96,5.07,27.38,6.0,300.0,Female,Electrical Engineering,At-Risk
4.1,28.05,63.24,84.37,5.0,300.0,Female,Civil Engineering,Good
4.68,24.98,62.41,100.0,5.0,100.0,Female,Accounting,Excellent
3.97,15.8,53.38,92.55,6.0,400.0,Male,Economics,Good
3.64,25.19,55.87,58.65,8.0,100.0,Female,Medicine,Good
4.27,30.0,46.76,75.88,8.0,200.0,Male,Other,Good
0.68,3.86,22.31,42.38,8.0,200.0,Female,Accounting,At-Risk
1.41,0.0,21.17,46.19,4.0,400.0,Female,Electrical Engineering,At-Risk
1.06,9.9,25.12,28.75,5.0,300.0,Male,Mechanical Engineering,At-Risk
2.77,8.32,30.18,67.1,7.0,500.0,Male,Law,Average
3.85,24.66,46.56,76.14,6.0,500.0,Male,Accounting,Good
3.34,15.57,37.4,89.16,5.0,400.0,Male,Economics,Average
4.33,20.18,62.62,79.43,5.0,100.0,Male,Economics,Good
1.2,4.98,17.31,56.06,4.0,400.0,Female,Law,At-Risk
3.81,21.92,49.57,63.0,5.0,200.0,Female,Mechanical Engineering,Good
1.37,4.99,11.05,36.14,6.0,500.0,Male,Electrical Engineering,At-Risk
1.72,13.25,13.93,57.84,6.0,500.0,Female,Law,At-Risk
3.69,19.94,51.34,85.17,6.0,100.0,Male,Business Administration,Good
4.91,30.0,65.03,79.36,5.0,100.0,Female,Law,Excellent
3.25,20.92,40.04,69.26,5.0,400.0,Male,Electrical Engineering,Average
0.75,0.98,22.81,25.13,8.0,100.0,Male,Mechanical Engineering,At-Risk
3.27,15.31,45.17,67.47,6.0,500.0,Male,Other,Average
0.69,0.0,19.83,46.66,5.0,300.0,Male,Mass Communication,At-Risk
4.48,28.33,58.44,79.39,7.0,300.0,Female,Computer Science,Good
3.69,20.39,53.66,71.83,6.0,500.0,Female,Law,Good
1.28,0.0,17.46,34.05,6.0,200.0,Female,Computer Science,At-Risk
0.91,2.8,0.0,34.47,5.0,300.0,Female,Electrical Engineering,At-Risk
1.33,3.45,29.99,63.49,7.0,500.0,Female,Mass Communication,At-Risk
4.91,30.0,67.66,89.65,4.0,100.0,Male,Electrical Engineering,Excellent
2.56,6.87,41.86,50.74,8.0,100.0,Male,Civil Engineering,Average
4.03,16.96,50.38,75.19,6.0,100.0,Female,Electrical Engineering,Good
3.36,25.73,45.77,54.39,6.0,200.0,Female,Economics,Average
3.08,25.24,36.13,56.77,5.0,100.0,Female,Computer Science,Average
1.15,3.19,26.03,57.44,6.0,100.0,Male,Civil Engineering,At-Risk
4.76,25.38,69.09,85.66,7.0,500.0,Male,Civil Engineering,Excellent
1.86,14.22,28.92,71.18,6.0,300.0,Female,Medicine,At-Risk
3.1,6.97,54.28,66.26,4.0,200.0,Male,Accounting,Average
3.65,12.59,60.34,73.43,6.0,300.0,Female,Mechanical Engineering,Good
3.42,19.13,54.02,77.47,5.0,500.0,Female,Accounting,Average
4.73,30.0,54.88,60.07,4.0,300.0,Male,Accounting,Excellent
1.17,4.83,10.79,46.07,8.0,300.0,Female,Civil Engineering,At-Risk
2.79,17.23,31.0,62.96,5.0,500.0,Female,Accounting,Average
2.32,19.58,38.27,72.68,6.0,100.0,Male,Civil Engineering,At-Risk
2.63,26.34,38.24,71.25,4.0,300.0,Female,Civil Engineering,Average
1.04,3.33,3.39,31.1,5.0,400.0,Male,Law,At-Risk
1.1,6.54,13.94,55.66,5.0,300.0,Male,Mechanical Engineering,At-Risk
1.75,19.62,12.57,48.39,4.0,500.0,Male,Civil Engineering,At-Risk
1.87,3.62,25.77,43.41,8.0,500.0,Female,Electrical Engineering,At-Risk
2.43,19.69,20.71,61.08,5.0,200.0,Female,Medicine,Average
3.25,14.41,49.72,66.97,6.0,500.0,Female,Medicine,Average
3.36,20.65,50.01,85.65,6.0,200.0,Female,Medicine,Average
2.35,12.91,48.21,61.64,6.0,200.0,Male,Electrical Engineering,At-Risk
2.34,9.25,39.54,60.13,6.0,500.0,Female,Business Administration,At-Risk
1.48,3.96,17.33,56.76,6.0,100.0,Male,Civil Engineering,At-Risk
3.15,20.27,50.61,78.7,4.0,200.0,Female,Law,Average
1.93,16.54,15.79,60.96,7.0,400.0,Female,Civil Engineering,At-Risk
0.66,3.32,1.57,52.14,4.0,300.0,Female,Business Administration,At-Risk
2.38,14.65,36.02,64.68,6.0,500.0,Female,Business Administration,At-Risk
2.63,18.66,19.6,63.28,5.0,200.0,Female,Law,Average
1.52,4.23,20.92,60.57,6.0,300.0,Female,Medicine,At-Risk
3.08,22.15,34.9,66.0,4.0,100.0,Male,Mass Communication,Average
3.05,22.37,43.45,66.88,7.0,200.0,Female,Business Administration,Average
3.66,30.0,42.6,91.12,6.0,100.0,Female,Mass Communication,Good
3.42,18.61,51.21,87.21,4.0,400.0,Female,Mass Communication,Average
3.44,18.33,48.26,71.15,4.0,200.0,Female,Accounting,Average
1.92,15.38,38.12,48.54,6.0,400.0,Male,Medicine,At-Risk
4.04,28.36,56.66,93.15,7.0,200.0,Male,Other,Good
2.97,15.15,35.45,73.66,6.0,300.0,Male,Mass Communication,Average
2.44,12.63,32.2,62.45,7.0,500.0,Male,Civil Engineering,Average
3.32,22.61,35.68,66.59,7.0,500.0,Male,Medicine,Average
2.12,8.6,32.97,58.79,8.0,100.0,Female,Business Administration,At-Risk
2.81,14.79,44.02,63.47,8.0,400.0,Female,Electrical Engineering,Average
3.82,23.34,70.0,69.14,8.0,500.0,Female,Business Administration,Good
4.49,30.0,57.87,85.16,7.0,400.0,Female,Other,Good
4.64,24.85,62.88,88.39,6.0,100.0,Female,Other,Excellent
2.77,7.39,34.12,59.44,6.0,400.0,Female,Law,Average
2.84,7.46,41.47,73.13,7.0,400.0,Female,Other,Average
4.1,18.3,60.45,92.08,4.0,400.0,Male,Economics,Good
1.92,4.92,26.38,62.68,7.0,300.0,Female,Law,At-Risk
4.27,24.84,68.45,78.46,6.0,300.0,Female,Electrical Engineering,Good
2.72,10.4,33.2,70.24,6.0,400.0,Female,Civil Engineering,Average
1.02,2.61,22.19,43.04,8.0,300.0,Female,Electrical Engineering,At-Risk
0.82,1.08,15.85,27.53,7.0,400.0,Male,Other,At-Risk
4.29,23.53,59.95,88.19,8.0,400.0,Male,Economics,Good
0.75,11.11,7.98,40.46,8.0,200.0,Male,Other,At-Risk
1.76,13.89,44.09,77.09,8.0,400.0,Male,Business Administration,At-Risk
2.0,12.1,21.51,68.62,5.0,400.0,Male,Business Administration,At-Risk
1.28,5.37,20.28,52.45,4.0,300.0,Female,Medicine,At-Risk
1.91,9.31,20.77,55.44,5.0,400.0,Male,Economics,At-Risk
3.84,24.69,68.07,77.74,7.0,100.0,Female,Business Administration,Good
0.57,6.32,15.02,26.76,8.0,200.0,Female,Civil Engineering,At-Risk
4.22,20.8,53.69,63.28,8.0,400.0,Female,Accounting,Good
4.35,26.31,65.06,73.53,7.0,500.0,Male,Computer Science,Good
2.18,2.89,32.51,55.62,7.0,400.0,Male,Mechanical Engineering,At-Risk
1.19,8.21,12.54,23.24,8.0,400.0,Female,Computer Science,At-Risk
3.2,23.03,50.92,63.0,7.0,200.0,Female,Electrical Engineering,Average
1.04,4.83,17.65,39.99,4.0,400.0,Female,Mechanical Engineering,At-Risk
2.14,21.94,31.72,53.55,6.0,200.0,Male,Computer Science,At-Risk
4.81,24.47,67.05,81.14,5.0,100.0,Male,Computer Science,Excellent
4.98,30.0,70.0,86.34,7.0,200.0,Male,Mass Communication,Excellent
3.97,23.67,57.48,94.93,7.0,400.0,Female,Mechanical Engineering,Good
1.9,10.89,27.06,59.41,5.0,500.0,Female,Economics,At-Risk
3.59,21.0,45.19,67.53,5.0,300.0,Male,Electrical Engineering,Good
3.67,22.58,64.99,73.41,4.0,500.0,Male,Other,Good
2.25,17.71,23.03,56.66,5.0,400.0,Female,Mechanical Engineering,At-Risk
3.38,27.19,50.8,62.93,8.0,300.0,Female,Law,Average
0.55,3.28,5.11,28.89,7.0,500.0,Female,Medicine,At-Risk
1.44,12.72,34.25,57.39,8.0,300.0,Male,Law,At-Risk
2.86,13.67,32.85,60.16,8.0,300.0,Female,Economics,Average
1.24,11.25,11.43,33.9,8.0,400.0,Male,Accounting,At-Risk
1.25,3.67,9.69,44.53,4.0,400.0,Female,Law,At-Risk
4.26,30.0,62.27,82.34,5.0,300.0,Male,Law,Good
4.95,30.0,58.33,69.69,4.0,300.0,Male,Business Administration,Excellent
3.0,17.4,38.2,65.61,4.0,500.0,Female,Other,Average
4.28,14.69,42.64,89.99,5.0,100.0,Female,Other,Good
4.96,27.0,70.0,93.99,5.0,100.0,Male,Medicine,Excellent
1.14,12.98,11.92,65.94,4.0,300.0,Female,Other,At-Risk
2.52,17.87,23.34,72.72,8.0,100.0,Male,Electrical Engineering,Average
2.27,14.84,40.42,71.69,6.0,200.0,Male,Accounting,At-Risk
0.86,10.2,1.58,68.32,7.0,300.0,Male,Medicine,At-Risk
3.9,25.82,60.96,84.37,7.0,300.0,Female,Other,Good
2.45,20.8,28.72,61.05,8.0,200.0,Male,Electrical Engineering,Average
2.61,20.27,49.38,71.08,4.0,200.0,Female,Law,Average
1.18,14.68,22.49,38.54,5.0,400.0,Female,Computer Science,At-Risk
1.31,9.68,10.33,46.85,5.0,500.0,Male,Civil Engineering,At-Risk
4.58,30.0,56.81,78.51,6.0,400.0,Male,Medicine,Excellent
0.7,2.67,14.66,42.39,6.0,300.0,Male,Civil Engineering,At-Risk
1.55,6.28,19.57,42.05,7.0,100.0,Male,Mass Communication,At-Risk
1.81,19.42,24.04,44.9,6.0,200.0,Female,Other,At-Risk
2.71,17.32,48.06,66.61,5.0,300.0,Female,Electrical Engineering,Average
3.14,22.86,37.96,66.29,6.0,200.0,Male,Mechanical Engineering,Average
2.72,16.94,38.81,43.36,8.0,400.0,Male,Computer Science,Average
0.88,2.34,19.94,25.99,6.0,200.0,Female,Medicine,At-Risk
1.6,9.63,28.82,37.69,6.0,500.0,Female,Mass Communication,At-Risk
4.3,30.0,58.87,72.72,4.0,200.0,Male,Economics,Good
3.37,22.99,44.86,74.57,4.0,300.0,Male,Electrical Engineering,Average
3.42,11.97,33.99,73.24,5.0,400.0,Female,Electrical Engineering,Average
3.52,20.02,40.77,82.84,4.0,200.0,Female,Computer Science,Good
3.93,30.0,57.61,84.72,6.0,400.0,Female,Accounting,Good
0.76,3.5,9.56,49.86,8.0,300.0,Male,Medicine,At-Risk
2.15,3.9,30.7,61.88,6.0,400.0,Male,Electrical Engineering,At-Risk
2.93,27.03,49.3,67.23,7.0,300.0,Male,Mass Communication,Average
2.02,15.55,18.82,65.27,8.0,500.0,Female,Mechanical Engineering,At-Risk
4.3,25.45,58.31,90.8,7.0,400.0,Male,Accounting,Good
2.67,14.17,38.91,65.82,7.0,100.0,Female,Medicine,Average
3.96,29.16,49.79,90.22,7.0,300.0,Female,Accounting,Good
4.33,23.29,70.0,58.55,5.0,500.0,Male,Accounting,Good
2.77,22.37,46.07,60.35,6.0,200.0,Male,Civil Engineering,Average
4.59,30.0,66.62,82.06,5.0,300.0,Male,Business Administration,Excellent
3.14,20.08,58.34,79.23,7.0,400.0,Female,Mechanical Engineering,Average
4.33,26.68,48.58,97.63,6.0,200.0,Female,Civil Engineering,Good
2.03,11.32,28.4,39.89,8.0,300.0,Female,Law,At-Risk
2.74,21.7,41.36,77.05,4.0,300.0,Female,Mass Communication,Average
2.89,13.02,33.16,52.98,4.0,100.0,Male,Mass Communication,Average
0.97,0.0,16.02,30.26,7.0,100.0,Male,Civil Engineering,At-Risk
2.29,16.83,23.26,55.18,7.0,300.0,Male,Civil Engineering,At-Risk
4.63,30.0,70.0,82.35,7.0,100.0,Female,Computer Science,Excellent
3.34,22.43,55.21,54.48,5.0,500.0,Male,Civil Engineering,Average
1.3,9.83,20.36,52.08,4.0,300.0,Male,Economics,At-Risk
2.02,10.55,13.53,61.09,5.0,400.0,Female,Mechanical Engineering,At-Risk
1.36,12.11,11.34,56.89,6.0,200.0,Male,Law,At-Risk
0.61,3.44,13.08,33.01,6.0,200.0,Female,Computer Science,At-Risk
4.67,25.61,65.6,85.69,8.0,300.0,Female,Business Administration,Excellent
2.52,13.54,13.69,59.9,8.0,400.0,Female,Civil Engineering,Average
1.88,21.41,36.32,69.49,7.0,200.0,Female,Accounting,At-Risk
3.19,10.48,45.8,39.98,4.0,200.0,Male,Computer Science,Average
0.53,5.7,0.91,26.83,4.0,100.0,Female,Business Administration,At-Risk
1.75,2.11,32.48,51.07,6.0,300.0,Female,Law,At-Risk
3.66,21.44,45.87,63.11,7.0,400.0,Female,Mass Communication,Good
3.35,17.94,41.42,67.64,7.0,300.0,Male,Mechanical Engineering,Average
4.92,19.08,70.0,87.76,5.0,200.0,Male,Business Administration,Excellent
3.29,21.69,60.33,62.92,4.0,200.0,Male,Medicine,Average
2.65,13.99,50.07,62.43,5.0,200.0,Female,Accounting,Average
3.93,13.06,57.85,83.4,7.0,200.0,Male,Accounting,Good
4.56,30.0,67.61,82.42,8.0,200.0,Female,Civil Engineering,Excellent
3.74,29.63,58.74,70.39,8.0,500.0,Male,Mass Communication,Good
4.83,30.0,57.63,86.36,6.0,200.0,Female,Economics,Excellent
4.02,25.91,61.42,78.15,4.0,200.0,Female,Other,Good
4.4,26.63,55.74,65.4,8.0,400.0,Male,Law,Good
1.01,12.72,16.74,46.78,4.0,500.0,Female,Business Administration,At-Risk
3.8,30.0,51.32,71.04,5.0,300.0,Male,Civil Engineering,Good
2.48,20.55,38.74,72.38,8.0,400.0,Male,Computer Science,Average
2.99,13.23,42.79,71.78,6.0,100.0,Male,Economics,Average
3.44,21.67,23.62,83.02,4.0,300.0,Male,Law,Average
4.86,30.0,69.53,78.26,6.0,100.0,Female,Civil Engineering,Excellent
4.93,20.54,70.0,85.45,4.0,100.0,Female,Computer Science,Excellent
1.8,13.13,28.73,39.14,5.0,300.0,Female,Mass Communication,At-Risk
3.8,30.0,52.41,68.57,8.0,200.0,Female,Mechanical Engineering,Good
3.87,26.45,67.39,89.02,5.0,100.0,Male,Economics,Good
2.06,19.72,31.32,69.59,8.0,100.0,Male,Computer Science,At-Risk
1.06,7.26,18.31,31.21,6.0,400.0,Female,Computer Science,At-Risk
0.68,3.74,17.94,33.63,7.0,300.0,Male,Mass Communication,At-Risk
4.0,25.89,58.87,77.21,7.0,200.0,Female,Medicine,Good
2.7,12.14,30.67,68.3,6.0,500.0,Female,Computer Science,Average
4.93,24.79,49.58,71.62,4.0,200.0,Female,Electrical Engineering,Excellent
2.59,21.89,32.48,45.08,8.0,500.0,Female,Accounting,Average
4.9,30.0,70.0,93.7,6.0,200.0,Female,Medicine,Excellent
2.35,9.16,30.1,38.73,7.0,100.0,Female,Business Administration,At-Risk
4.07,29.27,63.41,74.39,6.0,100.0,Male,Mass Communication,Good
0.88,4.86,13.53,42.2,7.0,200.0,Male,Medicine,At-Risk
3.0,19.7,52.3,70.15,5.0,100.0,Female,Economics,Average
4.11,26.96,55.17,77.89,8.0,100.0,Female,Civil Engineering,Good
4.66,30.0,69.0,82.28,5.0,200.0,Female,Medicine,Excellent
4.2,25.62,62.87,88.87,7.0,500.0,Male,Mass Communication,Good
0.67,11.05,21.34,40.85,6.0,200.0,Female,Computer Science,At-Risk
2.18,14.61,16.83,49.66,6.0,200.0,Female,Law,At-Risk
0.72,7.44,6.4,39.01,4.0,500.0,Male,Mass Communication,At-Risk
0.99,1.78,20.67,45.73,5.0,200.0,Male,Business Administration,At-Risk
3.54,30.0,61.91,89.65,4.0,500.0,Female,Law,Good
3.71,24.61,53.86,82.38,6.0,400.0,Male,Civil Engineering,Good
3.98,27.46,53.4,89.93,7.0,500.0,Male,Mechanical Engineering,Good
4.39,18.33,67.58,76.63,6.0,300.0,Male,Law,Good
3.83,18.85,60.53,70.69,7.0,300.0,Female,Civil Engineering,Good
4.1,30.0,54.58,76.89,5.0,200.0,Male,Law,Good
0.72,5.76,12.73,37.21,5.0,300.0,Female,Civil Engineering,At-Risk
1.56,0.0,31.22,38.58,6.0,400.0,Male,Business Administration,At-Risk
3.3,24.98,61.3,82.24,5.0,500.0,Male,Medicine,Average
4.36,23.45,67.0,91.17,8.0,100.0,Female,Civil Engineering,Good
0.52,10.18,7.64,33.19,8.0,100.0,Male,Law,At-Risk
2.82,16.46,38.99,70.21,6.0,100.0,Female,Computer Science,Average
3.55,22.31,54.13,74.8,7.0,400.0,Female,Computer Science,Good
0.63,9.69,7.94,44.8,4.0,100.0,Female,Computer Science,At-Risk
2.31,9.35,33.8,44.23,4.0,500.0,Male,Mechanical Engineering,At-Risk
4.53,22.22,54.96,82.91,5.0,200.0,Male,Computer Science,Excellent
3.52,20.15,59.69,71.69,5.0,200.0,Female,Business Administration,Good
1.57,13.55,12.85,55.07,5.0,500.0,Male,Computer Science,At-Risk
4.34,19.37,57.27,75.77,6.0,400.0,Male,Law,Good
2.07,4.06,29.71,29.79,7.0,300.0,Male,Electrical Engineering,At-Risk
4.34,30.0,70.0,71.26,6.0,500.0,Male,Other,Good
1.85,8.06,22.45,51.53,6.0,400.0,Male,Mass Communication,At-Risk
3.16,16.98,38.86,68.52,4.0,400.0,Female,Medicine,Average
2.29,4.43,27.6,74.27,5.0,200.0,Male,Law,At-Risk
1.74,7.03,37.59,56.67,8.0,500.0,Female,Law,At-Risk
4.49,26.9,40.35,84.69,8.0,400.0,Female,Mass Communication,Good
1.34,12.72,10.8,45.81,4.0,500.0,Male,Economics,At-Risk
0.88,1.43,34.19,51.62,4.0,500.0,Female,Economics,At-Risk
2.04,20.52,33.27,48.56,8.0,300.0,Male,Accounting,At-Risk
3.73,18.95,43.36,73.35,4.0,200.0,Male,Economics,Good
4.13,21.39,57.53,68.71,6.0,500.0,Male,Business Administration,Good
4.99,30.0,70.0,100.0,8.0,500.0,Female,Electrical Engineering,Excellent
1.83,12.06,32.44,55.93,7.0,100.0,Female,Other,At-Risk
2.34,11.25,47.42,50.95,6.0,400.0,Female,Medicine,At-Risk
1.12,5.92,18.73,42.24,5.0,400.0,Female,Medicine,At-Risk
3.09,25.29,38.9,72.14,7.0,400.0,Male,Civil Engineering,Average
4.99,30.0,70.0,87.36,7.0,500.0,Female,Law,Excellent
3.65,17.84,45.57,68.5,8.0,200.0,Female,Accounting,Good
3.18,18.86,36.23,61.6,6.0,500.0,Male,Computer Science,Average
2.27,14.04,17.64,60.58,8.0,400.0,Male,Other,At-Risk
4.62,22.78,52.14,81.85,7.0,100.0,Male,Other,Excellent
2.74,16.14,31.13,58.3,4.0,300.0,Male,Mass Communication,Average
1.1,6.65,6.04,29.9,5.0,100.0,Male,Accounting,At-Risk
2.14,18.57,32.52,56.51,7.0,500.0,Female,Mechanical Engineering,At-Risk
0.8,10.85,1.64,37.81,4.0,400.0,Male,Computer Science,At-Risk
1.41,6.81,0.0,43.69,7.0,500.0,Female,Law,At-Risk
0.58,2.41,0.0,38.94,5.0,400.0,Female,Mass Communication,At-Risk
2.54,18.56,31.78,67.96,5.0,200.0,Male,Electrical Engineering,Average
3.36,17.21,42.13,77.28,6.0,300.0,Female,Medicine,Average
2.04,15.21,40.78,60.07,8.0,500.0,Male,Computer Science,At-Risk
2.39,13.91,28.58,56.29,8.0,100.0,Male,Law,At-Risk
4.82,24.05,70.0,82.13,6.0,500.0,Female,Computer Science,Excellent
3.88,18.52,54.22,66.17,4.0,300.0,Female,Other,Good
2.93,24.84,40.74,59.27,8.0,300.0,Male,Electrical Engineering,Average
1.78,9.9,18.24,51.56,8.0,400.0,Female,Business Administration,At-Risk
4.54,30.0,63.04,76.57,7.0,100.0,Female,Medicine,Excellent
1.56,6.78,15.69,49.66,7.0,100.0,Female,Mass Communication,At-Risk
1.96,13.24,28.86,43.91,6.0,100.0,Female,Civil Engineering,At-Risk
4.59,30.0,62.38,68.48,4.0,400.0,Male,Other,Excellent
2.88,12.01,32.8,72.79,4.0,100.0,Male,Computer Science,Average
3.84,13.55,61.7,71.34,4.0,400.0,Male,Accounting,Good
3.16,25.38,47.63,59.53,8.0,100.0,Female,Other,Average
3.44,16.51,44.58,60.35,4.0,400.0,Female,Civil Engineering,Average
1.85,10.98,27.03,56.4,6.0,500.0,Female,Accounting,At-Risk
1.59,6.59,21.54,62.78,5.0,300.0,Female,Business Administration,At-Risk
1.95,13.05,20.38,49.38,4.0,200.0,Female,Business Administration,At-Risk
1.2,2.44,17.36,42.24,8.0,300.0,Male,Law,At-Risk
4.43,25.71,57.11,93.93,4.0,400.0,Male,Accounting,Good
1.77,12.9,17.29,33.19,8.0,400.0,Female,Medicine,At-Risk
3.03,13.12,29.39,85.99,7.0,400.0,Male,Accounting,Average
4.06,20.88,54.03,100.0,7.0,300.0,Female,Other,Good
4.03,22.43,60.92,51.26,4.0,400.0,Male,Accounting,Good
2.47,7.69,29.06,58.7,8.0,200.0,Female,Law,Average
2.64,13.75,57.17,54.53,6.0,200.0,Female,Economics,Average
4.98,30.0,70.0,87.07,6.0,500.0,Female,Law,Excellent
3.54,19.22,59.93,68.24,7.0,300.0,Female,Mass Communication,Good
4.17,23.64,64.68,88.11,5.0,500.0,Female,Mechanical Engineering,Good
4.56,27.27,70.0,83.61,5.0,400.0,Female,Civil Engineering,Excellent
4.04,20.99,50.32,69.42,5.0,300.0,Male,Civil Engineering,Good
1.33,11.46,0.0,44.28,6.0,300.0,Female,Accounting,At-Risk
3.03,25.36,38.85,71.51,7.0,400.0,Female,Accounting,Average
0.96,3.43,17.89,29.67,5.0,100.0,Male,Computer Science,At-Risk
3.44,23.05,49.35,54.8,5.0,300.0,Male,Mass Communication,Average
4.8,27.6,69.39,100.0,8.0,400.0,Male,Mass Communication,Excellent
2.81,18.67,49.87,57.26,6.0,100.0,Female,Economics,Average
2.45,22.52,37.33,58.01,8.0,100.0,Female,Civil Engineering,Average
0.66,6.51,15.65,33.96,5.0,100.0,Male,Mass Communication,At-Risk
4.82,20.05,59.95,93.31,5.0,300.0,Female,Mechanical Engineering,Excellent
0.96,8.05,4.73,59.29,5.0,200.0,Male,Civil Engineering,At-Risk
0.68,10.27,22.5,44.02,6.0,300.0,Female,Other,At-Risk
1.61,8.54,23.31,34.1,7.0,100.0,Male,Other,At-Risk
0.79,9.75,6.14,25.7,6.0,200.0,Male,Economics,At-Risk
2.55,11.84,30.7,56.59,5.0,100.0,Male,Electrical Engineering,Average
2.82,9.51,34.32,61.19,8.0,500.0,Male,Electrical Engineering,Average
1.91,12.15,21.02,35.66,6.0,300.0,Male,Other,At-Risk
0.73,0.0,0.0,46.95,5.0,100.0,Female,Mechanical Engineering,At-Risk
1.0,4.81,2.03,31.16,4.0,300.0,Male,Medicine,At-Risk
2.23,19.82,29.66,71.7,6.0,500.0,Male,Civil Engineering,At-Risk
0.77,0.0,6.07,57.47,7.0,500.0,Female,Accounting,At-Risk
3.64,15.45,59.84,71.22,8.0,500.0,Male,Other,Good
1.43,3.43,22.39,51.57,5.0,300.0,Male,Economics,At-Risk
1.86,10.84,28.15,39.99,4.0,200.0,Female,Business Administration,At-Risk
2.27,11.81,25.88,63.52,8.0,200.0,Male,Business Administration,At-Risk
2.37,21.24,32.28,53.51,6.0,200.0,Female,Mechanical Engineering,At-Risk
0.51,7.82,9.99,25.22,4.0,500.0,Male,Economics,At-Risk
1.0,8.5,19.79,39.16,4.0,100.0,Female,Economics,At-Risk
4.38,27.02,60.6,77.93,6.0,500.0,Male,Electrical Engineering,Good
0.51,5.0,15.71,32.81,7.0,500.0,Female,Business Administration,At-Risk
2.79,12.41,39.08,72.94,5.0,500.0,Female,Medicine,Average
2.7,20.5,44.18,54.58,5.0,400.0,Female,Computer Science,Average
2.0,6.43,24.07,71.34,7.0,500.0,Male,Other,At-Risk
2.44,18.82,19.67,46.04,8.0,100.0,Male,Mass Communication,Average
4.01,30.0,58.32,94.31,6.0,500.0,Female,Medicine,Good
4.29,26.77,65.8,71.26,6.0,300.0,Male,Computer Science,Good
1.67,9.15,28.0,50.05,5.0,500.0,Male,Accounting,At-Risk
1.95,13.71,30.69,48.51,4.0,100.0,Female,Mass Communication,At-Risk
1.59,0.0,19.49,45.66,4.0,500.0,Male,Computer Science,At-Risk
2.66,17.47,30.78,69.93,8.0,300.0,Male,Law,Average
3.57,20.88,54.46,87.89,4.0,100.0,Female,Mass Communication,Good
1.53,8.91,24.79,60.23,8.0,300.0,Female,Computer Science,At-Risk
1.99,15.46,23.35,49.81,5.0,100.0,Female,Mechanical Engineering,At-Risk
4.69,27.75,70.0,88.08,7.0,100.0,Female,Medicine,Excellent
0.72,0.0,3.0,30.8,8.0,300.0,Male,Other,At-Risk
2.57,14.73,31.36,50.97,7.0,500.0,Male,Law,Average
3.7,22.55,64.92,62.96,7.0,100.0,Female,Accounting,Good
1.18,7.64,23.43,39.75,5.0,200.0,Female,Economics,At-Risk
0.71,5.09,7.12,41.05,6.0,200.0,Male,Accounting,At-Risk
1.12,11.93,18.01,24.34,7.0,300.0,Female,Economics,At-Risk
4.63,22.38,66.12,85.15,6.0,100.0,Female,Law,Excellent
0.54,4.13,0.0,51.66,4.0,400.0,Male,Computer Science,At-Risk
1.35,14.53,11.61,57.39,8.0,300.0,Female,Mechanical Engineering,At-Risk
0.64,0.0,8.56,31.84,4.0,500.0,Male,Computer Science,At-Risk
1.0,6.89,11.12,28.01,8.0,200.0,Male,Law,At-Risk
3.29,16.82,48.05,74.09,8.0,300.0,Female,Law,Average
1.59,7.67,31.26,25.87,4.0,100.0,Male,Computer Science,At-Risk
3.06,13.84,40.29,77.84,7.0,500.0,Male,Electrical Engineering,Average
3.16,18.09,35.72,65.73,7.0,500.0,Female,Mechanical Engineering,Average
4.32,30.0,63.11,100.0,5.0,200.0,Male,Mechanical Engineering,Good
0.52,0.0,4.69,18.99,8.0,300.0,Male,Accounting,At-Risk
4.34,20.19,59.51,91.26,4.0,500.0,Female,Accounting,Good
3.29,13.21,43.67,68.43,5.0,200.0,Male,Civil Engineering,Average
1.23,16.03,35.19,41.48,8.0,200.0,Female,Electrical Engineering,At-Risk
3.98,21.56,37.77,64.04,7.0,200.0,Male,Medicine,Good
4.35,25.97,57.79,88.15,4.0,400.0,Female,Law,Good
1.64,7.85,22.99,56.49,4.0,200.0,Male,Medicine,At-Risk
4.63,23.09,58.63,100.0,5.0,100.0,Female,Law,Excellent
2.55,14.09,42.83,70.62,4.0,100.0,Female,Other,Average
3.22,30.0,51.52,62.65,4.0,500.0,Female,Mass Communication,Average
4.93,30.0,68.65,79.13,6.0,500.0,Male,Medicine,Excellent
2.13,8.5,27.61,41.84,4.0,500.0,Male,Computer Science,At-Risk
4.16,28.19,57.33,94.64,5.0,200.0,Female,Civil Engineering,Good
1.93,7.44,26.22,45.41,5.0,300.0,Male,Business Administration,At-Risk
4.1,15.7,56.72,93.96,8.0,300.0,Female,Medicine,Good
3.2,24.32,43.34,73.69,8.0,300.0,Female,Mass Communication,Average
1.47,14.64,22.65,50.98,8.0,100.0,Female,Medicine,At-Risk
2.36,19.41,39.11,55.29,5.0,300.0,Male,Civil Engineering,At-Risk
1.93,9.23,17.17,59.76,6.0,100.0,Female,Law,At-Risk
0.85,4.28,3.52,40.06,6.0,200.0,Female,Medicine,At-Risk
0.63,7.55,0.0,33.92,8.0,200.0,Male,Law,At-Risk
2.06,14.31,35.76,61.67,7.0,400.0,Female,Economics,At-Risk
0.59,1.55,10.2,35.59,8.0,500.0,Male,Medicine,At-Risk
1.24,0.0,21.47,36.95,6.0,400.0,Male,Civil Engineering,At-Risk
3.76,23.15,41.25,81.16,8.0,300.0,Male,Business Administration,Good
3.69,27.51,65.89,73.6,7.0,300.0,Female,Civil Engineering,Good
3.82,16.95,48.66,80.77,7.0,300.0,Female,Mechanical Engineering,Good
1.93,14.76,28.33,48.59,7.0,100.0,Female,Medicine,At-Risk
4.51,28.69,69.91,71.97,5.0,500.0,Female,Business Administration,Excellent
3.17,22.78,36.52,85.42,7.0,500.0,Female,Electrical Engineering,Average
1.07,10.76,10.57,58.27,5.0,200.0,Male,Computer Science,At-Risk
1.15,3.41,17.49,52.6,7.0,100.0,Male,Mass Communication,At-Risk
3.62,13.63,70.0,69.55,5.0,100.0,Male,Business Administration,Good
1.28,5.0,20.3,42.34,7.0,400.0,Female,Economics,At-Risk
2.78,21.14,51.81,77.22,6.0,100.0,Male,Mass Communication,Average
4.96,27.07,70.0,86.02,7.0,100.0,Male,Electrical Engineering,Excellent
0.52,0.0,10.2,29.89,5.0,400.0,Male,Other,At-Risk
0.57,0.0,0.13,55.62,7.0,100.0,Female,Medicine,At-Risk
4.97,30.0,70.0,89.15,8.0,100.0,Female,Medicine,Excellent
3.13,22.91,31.85,85.25,4.0,100.0,Female,Business Administration,Average
1.07,10.28,27.8,28.87,5.0,400.0,Male,Medicine,At-Risk
4.54,30.0,65.13,89.64,7.0,200.0,Male,Mechanical Engineering,Excellent
4.46,29.65,41.26,100.0,8.0,200.0,Female,Civil Engineering,Good
2.91,16.26,38.06,65.25,7.0,400.0,Male,Other,Average
3.3,18.97,51.4,66.94,6.0,100.0,Female,Civil Engineering,Average
1.73,8.24,22.31,39.07,5.0,300.0,Female,Medicine,At-Risk
0.73,17.54,15.9,49.55,8.0,300.0,Male,Other,At-Risk
3.18,21.83,37.66,60.41,8.0,400.0,Female,Economics,Average
1.83,8.64,15.12,50.97,8.0,400.0,Male,Civil Engineering,At-Risk
3.49,23.25,48.24,59.49,5.0,400.0,Male,Mass Communication,Average
4.26,20.52,59.94,96.73,6.0,200.0,Female,Mass Communication,Good
0.58,11.01,5.36,48.53,5.0,100.0,Female,Accounting,At-Risk
3.18,15.78,54.35,67.85,8.0,300.0,Male,Electrical Engineering,Average
1.54,11.75,14.77,36.95,8.0,100.0,Female,Business Administration,At-Risk
4.43,30.0,64.56,98.55,4.0,300.0,Female,Business Administration,Good
1.64,11.77,23.52,46.04,5.0,400.0,Male,Mechanical Engineering,At-Risk
3.25,19.96,33.02,57.93,6.0,500.0,Female,Business Administration,Average
2.99,18.0,31.32,48.27,6.0,400.0,Female,Electrical Engineering,Average
2.28,13.41,32.05,50.93,6.0,500.0,Male,Medicine,At-Risk
3.55,18.41,65.54,58.05,5.0,300.0,Male,Business Administration,Good
3.77,20.35,57.36,68.96,7.0,300.0,Female,Law,Good
3.05,25.71,28.91,74.06,8.0,200.0,Male,Accounting,Average
3.91,22.93,29.9,73.2,8.0,400.0,Female,Medicine,Good
4.93,25.62,70.0,92.66,6.0,500.0,Female,Law,Excellent
2.39,11.74,32.64,51.41,8.0,200.0,Female,Electrical Engineering,At-Risk
2.82,22.4,48.55,64.44,7.0,100.0,Male,Business Administration,Average
0.56,6.71,0.74,55.88,4.0,100.0,Male,Law,At-Risk
4.08,27.29,59.95,75.5,7.0,400.0,Female,Economics,Good
2.84,15.76,46.54,67.94,5.0,400.0,Male,Mechanical Engineering,Average
2.34,16.88,29.12,42.37,7.0,100.0,Female,Mass Communication,At-Risk
0.92,2.32,9.52,56.28,7.0,100.0,Female,Mechanical Engineering,At-Risk
4.5,25.72,63.25,79.27,8.0,400.0,Female,Other,Excellent
2.28,18.51,36.23,67.84,8.0,200.0,Female,Medicine,At-Risk
3.57,25.8,49.89,71.63,8.0,300.0,Male,Civil Engineering,Good
1.17,2.12,24.2,50.18,6.0,200.0,Male,Mechanical Engineering,At-Risk
4.83,24.68,63.88,94.63,6.0,400.0,Male,Mass Communication,Excellent
1.3,8.36,7.61,41.11,6.0,400.0,Female,Accounting,At-Risk
1.4,17.02,35.39,57.69,8.0,100.0,Female,Law,At-Risk
4.37,16.61,56.28,74.8,5.0,100.0,Female,Mass Communication,Good
4.61,29.03,59.95,93.06,6.0,300.0,Female,Computer Science,Excellent
1.45,1.85,19.84,43.55,7.0,400.0,Male,Medicine,At-Risk
2.61,12.51,37.13,64.86,4.0,100.0,Female,Civil Engineering,Average
3.8,20.98,50.12,70.99,7.0,100.0,Male,Mass Communication,Good
4.45,24.61,62.2,83.93,5.0,400.0,Male,Mechanical Engineering,Good
2.21,10.57,30.56,45.72,5.0,300.0,Male,Computer Science,At-Risk
2.83,17.0,40.97,66.39,7.0,100.0,Male,Medicine,Average
3.84,20.35,34.87,76.49,4.0,400.0,Female,Economics,Good
3.79,15.43,68.11,70.08,4.0,100.0,Male,Economics,Good
4.02,28.04,55.15,77.73,6.0,200.0,Male,Mechanical Engineering,Good
3.06,22.15,47.55,68.12,6.0,400.0,Female,Accounting,Average
0.97,10.04,2.57,35.49,4.0,200.0,Female,Other,At-Risk
4.57,19.7,60.18,83.53,5.0,100.0,Male,Law,Excellent
4.4,27.87,56.15,72.69,5.0,500.0,Male,Other,Good
4.09,27.93,69.04,100.0,6.0,200.0,Female,Civil Engineering,Good
0.95,0.54,8.6,51.98,5.0,300.0,Female,Mass Communication,At-Risk
1.42,8.56,25.94,49.77,4.0,500.0,Male,Business Administration,At-Risk
3.85,22.5,48.64,87.88,6.0,500.0,Male,Other,Good
0.6,12.84,4.84,17.46,8.0,500.0,Male,Mass Communication,At-Risk
4.91,30.0,66.73,63.3,6.0,200.0,Male,Electrical Engineering,Excellent
2.2,4.86,41.03,52.37,5.0,500.0,Female,Other,At-Risk
3.74,30.0,37.2,61.06,6.0,100.0,Male,Economics,Good
4.49,22.39,52.39,81.56,4.0,200.0,Female,Law,Good
2.28,18.56,16.28,59.37,5.0,100.0,Male,Economics,At-Risk
1.94,16.47,18.41,62.44,6.0,300.0,Female,Mechanical Engineering,At-Risk
3.24,14.46,38.86,57.49,6.0,500.0,Female,Other,Average
3.11,21.15,30.69,71.37,6.0,400.0,Male,Electrical Engineering,Average
2.34,13.51,26.9,58.24,8.0,500.0,Female,Law,At-Risk
3.21,22.02,28.79,71.97,7.0,100.0,Female,Mechanical Engineering,Average
4.71,29.41,57.79,81.31,4.0,400.0,Female,Law,Excellent
2.6,21.61,46.06,75.08,6.0,400.0,Male,Business Administration,Average
1.39,8.69,22.62,45.59,6.0,300.0,Male,Mechanical Engineering,At-Risk
2.2,12.35,32.26,74.11,4.0,100.0,Female,Mechanical Engineering,At-Risk
2.27,19.12,23.81,49.38,5.0,100.0,Male,Civil Engineering,At-Risk
1.09,9.44,2.97,50.51,8.0,500.0,Female,Mass Communication,At-Risk
1.23,11.06,8.15,44.2,5.0,200.0,Female,Law,At-Risk
3.58,18.16,49.78,69.69,6.0,400.0,Male,Medicine,Good
2.03,6.94,35.33,60.65,5.0,500.0,Male,Economics,At-Risk
4.8,25.94,70.0,84.57,4.0,300.0,Female,Business Administration,Excellent
1.6,6.47,27.39,22.53,5.0,200.0,Male,Mass Communication,At-Risk
0.95,9.6,7.33,10.71,7.0,300.0,Male,Civil Engineering,At-Risk
3.89,28.22,54.67,89.41,8.0,200.0,Female,Other,Good
4.46,26.01,59.93,95.88,7.0,100.0,Male,Business Administration,Good
1.75,17.66,22.91,69.89,8.0,500.0,Male,Civil Engineering,At-Risk
1.41,15.3,36.03,46.74,7.0,200.0,Male,Accounting,At-Risk
1.34,9.23,4.61,33.11,7.0,400.0,Male,Law,At-Risk
2.85,12.98,38.01,59.99,6.0,400.0,Male,Medicine,Average
2.61,23.52,46.2,61.41,4.0,300.0,Male,Law,Average
1.67,9.7,11.62,39.94,6.0,300.0,Female,Computer Science,At-Risk
0.7,4.85,4.7,54.93,8.0,100.0,Male,Electrical Engineering,At-Risk
2.67,14.3,33.1,84.4,6.0,300.0,Female,Mass Communication,Average
4.82,24.45,65.65,92.59,7.0,400.0,Male,Other,Excellent
3.44,13.27,35.34,71.13,4.0,100.0,Female,Electrical Engineering,Average
2.73,19.54,42.98,49.81,5.0,200.0,Male,Mass Communication,Average
1.0,2.07,19.3,57.44,5.0,400.0,Female,Mechanical Engineering,At-Risk
1.64,25.11,26.97,50.39,5.0,500.0,Male,Other,At-Risk
1.83,5.53,18.61,49.03,8.0,200.0,Female,Other,At-Risk
3.94,17.36,55.87,82.11,6.0,500.0,Female,Medicine,Good
4.45,29.22,55.04,77.49,7.0,100.0,Male,Mechanical Engineering,Good
4.56,30.0,61.14,86.16,7.0,300.0,Female,Law,Excellent
4.93,29.91,70.0,74.74,6.0,500.0,Male,Electrical Engineering,Excellent
4.92,30.0,69.65,99.92,8.0,300.0,Male,Civil Engineering,Excellent
4.79,19.51,57.54,86.42,5.0,300.0,Male,Medicine,Excellent
0.82,1.55,12.97,51.47,4.0,100.0,Female,Computer Science,At-Risk
1.12,1.35,4.87,41.43,7.0,300.0,Female,Business Administration,At-Risk
1.87,1.75,16.59,51.08,7.0,300.0,Female,Law,At-Risk
2.99,18.51,33.5,53.73,5.0,500.0,Female,Electrical Engineering,Average
0.94,0.0,9.56,48.83,8.0,200.0,Female,Business Administration,At-Risk
4.31,19.23,67.78,72.91,4.0,200.0,Female,Computer Science,Good
3.28,16.97,50.48,64.44,5.0,400.0,Female,Medicine,Average
2.94,13.49,45.35,65.3,4.0,500.0,Male,Computer Science,Average
1.24,9.45,8.62,46.14,4.0,200.0,Female,Civil Engineering,At-Risk
1.64,11.37,18.62,32.61,7.0,400.0,Male,Accounting,At-Risk
1.22,11.8,19.28,42.35,7.0,500.0,Male,Mechanical Engineering,At-Risk
4.33,29.76,55.65,89.96,7.0,400.0,Female,Mechanical Engineering,Good
3.13,24.48,41.58,63.76,8.0,300.0,Male,Mass Communication,Average
3.81,22.84,56.84,73.45,4.0,200.0,Male,Law,Good
1.83,12.51,22.86,53.61,7.0,200.0,Female,Computer Science,At-Risk
2.17,15.58,32.2,54.79,4.0,100.0,Female,Mass Communication,At-Risk
2.32,14.64,45.25,47.56,8.0,100.0,Male,Accounting,At-Risk
3.92,21.53,53.51,76.68,7.0,300.0,Male,Electrical Engineering,Good
3.98,22.19,65.09,87.65,7.0,100.0,Male,Mass Communication,Good
1.43,4.5,24.5,36.66,6.0,100.0,Male,Civil Engineering,At-Risk
4.74,30.0,54.58,83.1,5.0,400.0,Male,Civil Engineering,Excellent
1.04,5.79,5.78,28.7,7.0,100.0,Female,Electrical Engineering,At-Risk
4.53,23.88,56.79,93.8,8.0,100.0,Male,Mass Communication,Excellent
0.95,2.4,6.49,40.5,4.0,300.0,Female,Civil Engineering,At-Risk
1.69,4.09,22.94,41.78,8.0,500.0,Male,Economics,At-Risk
4.31,30.0,65.25,82.63,7.0,400.0,Female,Mechanical Engineering,Good
1.31,8.24,28.35,33.66,4.0,100.0,Female,Mass Communication,At-Risk
2.36,9.85,35.52,48.0,8.0,100.0,Male,Law,At-Risk
2.52,19.19,31.78,45.69,4.0,400.0,Female,Accounting,Average
1.6,6.82,5.79,38.58,7.0,400.0,Male,Civil Engineering,At-Risk
3.7,15.14,52.31,87.93,4.0,200.0,Female,Medicine,Good
4.33,30.0,60.84,74.64,4.0,500.0,Female,Accounting,Good
4.44,23.93,63.56,87.89,7.0,500.0,Female,Other,Good
2.03,10.12,45.23,45.96,7.0,400.0,Female,Medicine,At-Risk
2.89,17.54,50.37,72.26,7.0,400.0,Female,Computer Science,Average
1.62,15.42,28.93,39.15,5.0,400.0,Male,Mass Communication,At-Risk
1.6,9.71,14.73,49.61,8.0,100.0,Male,Mechanical Engineering,At-Risk
1.23,1.36,13.06,45.24,4.0,400.0,Female,Civil Engineering,At-Risk
4.73,30.0,65.46,100.0,8.0,500.0,Female,Business Administration,Excellent
4.5,24.55,56.74,90.26,5.0,200.0,Male,Mechanical Engineering,Good
4.0,30.0,59.98,72.05,7.0,100.0,Female,Other,Good
2.83,16.97,42.47,70.8,8.0,200.0,Male,Other,Average
2.71,5.07,29.2,83.87,5.0,200.0,Male,Electrical Engineering,Average
2.88,19.09,49.95,48.31,6.0,500.0,Female,Civil Engineering,Average
2.91,27.21,41.62,56.55,8.0,300.0,Female,Business Administration,Average
2.46,22.61,20.54,57.1,8.0,400.0,Female,Medicine,Average
1.09,15.71,14.89,38.94,5.0,500.0,Female,Economics,At-Risk
1.07,1.29,17.17,39.46,6.0,400.0,Male,Medicine,At-Risk
4.79,30.0,70.0,74.38,5.0,400.0,Female,Computer Science,Excellent
2.67,12.4,34.67,76.07,6.0,500.0,Male,Accounting,Average
4.79,29.86,70.0,73.25,5.0,400.0,Female,Mechanical Engineering,Excellent
1.24,1.05,18.8,42.83,4.0,200.0,Female,Mechanical Engineering,At-Risk
2.99,14.75,31.41,76.4,8.0,400.0,Male,Law,Average
1.43,5.23,8.76,46.91,7.0,200.0,Female,Electrical Engineering,At-Risk
1.64,14.33,31.93,39.88,6.0,200.0,Male,Computer Science,At-Risk
0.64,7.82,18.46,24.14,4.0,400.0,Female,Accounting,At-Risk
1.04,7.6,17.08,40.12,4.0,200.0,Male,Law,At-Risk
4.63,21.0,70.0,77.94,6.0,100.0,Male,Accounting,Excellent
1.95,10.12,35.71,55.42,7.0,500.0,Female,Electrical Engineering,At-Risk
3.24,15.69,50.78,54.82,5.0,300.0,Female,Law,Average
2.59,19.9,29.01,69.24,7.0,400.0,Male,Business Administration,Average
2.3,19.7,46.08,58.78,5.0,500.0,Female,Medicine,At-Risk
2.89,22.64,44.8,66.62,4.0,400.0,Female,Mechanical Engineering,Average
1.34,4.28,15.71,60.52,6.0,400.0,Female,Other,At-Risk
4.95,15.99,63.94,85.01,4.0,400.0,Female,Civil Engineering,Excellent
4.18,16.26,60.61,72.93,4.0,200.0,Male,Other,Good
3.84,30.0,40.35,70.57,4.0,500.0,Female,Business Administration,Good
2.61,13.65,42.13,59.39,5.0,400.0,Female,Law,Average
1.19,3.37,9.0,43.35,6.0,100.0,Female,Accounting,At-Risk
4.64,30.0,67.97,77.41,8.0,100.0,Female,Computer Science,Excellent
2.04,18.54,24.33,34.2,5.0,500.0,Female,Electrical Engineering,At-Risk
0.73,4.48,8.04,33.1,4.0,500.0,Female,Business Administration,At-Risk
2.04,10.78,22.52,58.09,4.0,500.0,Female,Mechanical Engineering,At-Risk
4.08,23.79,55.76,80.26,5.0,100.0,Female,Economics,Good
3.3,20.95,61.35,81.62,5.0,500.0,Female,Electrical Engineering,Average
3.88,30.0,65.38,96.1,5.0,500.0,Female,Economics,Good
4.07,26.54,59.83,86.45,8.0,400.0,Male,Mechanical Engineering,Good
1.45,12.35,20.15,61.27,5.0,300.0,Male,Electrical Engineering,At-Risk
4.66,30.0,70.0,93.55,7.0,300.0,Female,Business Administration,Excellent
2.47,8.98,43.63,76.75,7.0,300.0,Male,Economics,Average
3.38,24.03,40.62,89.02,4.0,100.0,Female,Business Administration,Average
0.51,1.59,6.53,45.64,5.0,300.0,Female,Civil Engineering,At-Risk
4.97,17.24,55.01,96.71,6.0,200.0,Male,Civil Engineering,Excellent
1.76,0.0,33.68,49.12,6.0,200.0,Male,Civil Engineering,At-Risk
0.78,0.0,27.43,38.94,4.0,100.0,Male,Business Administration,At-Risk
2.56,18.03,36.51,57.37,7.0,300.0,Male,Mass Communication,Average
1.08,7.05,0.0,49.18,5.0,100.0,Female,Economics,At-Risk
1.19,8.03,21.47,37.02,5.0,500.0,Female,Business Administration,At-Risk
3.35,29.83,39.6,68.23,7.0,500.0,Male,Law,Average
2.27,7.26,26.45,33.67,8.0,500.0,Male,Accounting,At-Risk
4.65,27.75,70.0,100.0,8.0,200.0,Male,Other,Excellent
1.94,13.14,29.14,51.03,8.0,100.0,Female,Economics,At-Risk
3.77,18.93,48.84,79.77,6.0,300.0,Female,Mechanical Engineering,Good
2.57,15.59,30.85,75.48,4.0,400.0,Male,Economics,Average
3.47,12.82,49.58,74.64,5.0,100.0,Female,Law,Average
3.2,26.24,41.51,82.83,5.0,500.0,Male,Mechanical Engineering,Average
2.63,12.36,27.91,49.11,5.0,300.0,Female,Mechanical Engineering,Average
4.78,30.0,64.19,100.0,5.0,500.0,Male,Economics,Excellent
2.04,12.09,31.31,65.38,4.0,100.0,Female,Mass Communication,At-Risk
1.3,12.93,16.74,47.66,4.0,300.0,Female,Civil Engineering,At-Risk
3.55,21.04,38.41,86.87,7.0,300.0,Male,Accounting,Good
4.31,25.69,68.21,70.0,6.0,100.0,Female,Medicine,Good
0.68,1.17,0.0,35.29,4.0,400.0,Female,Medicine,At-Risk
2.52,15.74,31.76,74.72,6.0,500.0,Male,Electrical Engineering,Average
4.52,28.69,58.27,65.52,8.0,300.0,Male,Business Administration,Excellent
3.87,19.32,55.41,82.08,6.0,200.0,Male,Other,Good
4.96,29.15,70.0,94.88,5.0,400.0,Female,Mass Communication,Excellent
2.89,14.3,49.49,84.39,5.0,200.0,Male,Law,Average
3.47,30.0,42.88,55.81,5.0,200.0,Male,Computer Science,Average
1.86,10.72,30.75,68.43,5.0,400.0,Female,Business Administration,At-Risk
4.76,30.0,68.26,81.57,8.0,300.0,Female,Computer Science,Excellent
2.15,11.91,16.39,51.31,8.0,200.0,Female,Civil Engineering,At-Risk
3.82,24.24,68.73,63.66,5.0,300.0,Male,Mass Communication,Good
2.31,7.28,20.89,46.89,8.0,500.0,Female,Business Administration,At-Risk
3.03,15.93,45.75,70.37,8.0,300.0,Male,Electrical Engineering,Average
3.74,23.49,55.47,63.74,4.0,100.0,Male,Medicine,Good
2.79,24.67,41.27,70.89,6.0,500.0,Female,Law,Average
4.58,28.6,60.19,78.35,7.0,400.0,Female,Medicine,Excellent
2.39,21.24,40.03,46.51,6.0,200.0,Female,Law,At-Risk
3.41,23.67,35.28,65.66,6.0,500.0,Male,Medicine,Average
2.04,20.38,28.04,57.85,6.0,500.0,Female,Economics,At-Risk
2.34,13.73,28.2,55.27,7.0,500.0,Male,Mass Communication,At-Risk
2.48,26.83,29.3,60.1,5.0,200.0,Male,Civil Engineering,Average
1.07,3.97,18.36,49.76,6.0,500.0,Male,Accounting,At-Risk
0.91,1.64,21.4,51.78,5.0,500.0,Female,Economics,At-Risk
3.5,14.97,46.31,68.94,8.0,500.0,Male,Medicine,Good
3.45,30.0,54.54,60.96,4.0,300.0,Female,Accounting,Average
3.48,25.0,49.16,72.56,4.0,200.0,Male,Business Administration,Average
0.59,1.86,1.1,41.77,4.0,200.0,Female,Electrical Engineering,At-Risk
1.97,18.06,25.51,39.03,5.0,500.0,Female,Medicine,At-Risk
1.39,11.78,17.07,37.78,7.0,300.0,Female,Electrical Engineering,At-Risk
4.0,30.0,50.45,70.83,8.0,500.0,Male,Accounting,Good
4.37,18.5,64.65,80.4,6.0,300.0,Male,Business Administration,Good
1.61,8.33,24.42,41.71,4.0,300.0,Female,Law,At-Risk
3.51,18.72,36.35,79.13,5.0,100.0,Male,Accounting,Good
1.08,0.0,1.94,26.93,4.0,300.0,Female,Computer Science,At-Risk
1.74,15.73,27.73,35.06,6.0,300.0,Male,Accounting,At-Risk
1.12,5.39,9.21,40.15,7.0,100.0,Female,Mechanical Engineering,At-Risk
1.78,14.35,27.28,49.55,4.0,100.0,Male,Business Administration,At-Risk
3.54,30.0,55.76,57.89,7.0,300.0,Male,Civil Engineering,Good
4.6,25.81,54.18,79.09,5.0,200.0,Male,Electrical Engineering,Excellent
1.41,6.36,8.47,42.93,7.0,400.0,Female,Other,At-Risk
2.94,18.23,54.55,61.34,8.0,300.0,Female,Mechanical Engineering,Average
3.66,26.87,54.0,75.39,7.0,300.0,Male,Accounting,Good
4.79,25.9,63.68,80.84,7.0,100.0,Male,Mass Communication,Excellent
3.25,16.32,37.96,83.72,7.0,300.0,Male,Business Administration,Average
1.65,15.17,18.99,54.66,4.0,300.0,Female,Other,At-Risk
3.31,21.78,36.88,61.7,4.0,300.0,Male,Business Administration,Average
1.94,1.43,34.26,54.25,5.0,200.0,Male,Other,At-Risk
4.89,23.23,62.28,89.95,7.0,100.0,Female,Business Administration,Excellent
2.3,21.3,40.93,69.73,7.0,500.0,Female,Computer Science,At-Risk
3.58,23.52,46.98,67.01,7.0,500.0,Female,Mass Communication,Good
0.6,0.0,0.12,44.93,5.0,500.0,Female,Mass Communication,At-Risk
2.3,12.95,28.79,58.02,8.0,200.0,Female,Other,At-Risk
4.44,26.69,41.14,98.17,6.0,400.0,Female,Electrical Engineering,Good
3.25,23.15,44.48,81.86,5.0,100.0,Female,Mass Communication,Average
2.5,8.2,33.61,61.94,7.0,500.0,Female,Civil Engineering,Average
4.71,24.07,70.0,83.92,4.0,100.0,Female,Mass Communication,Excellent
4.34,27.42,45.71,87.18,6.0,300.0,Male,Other,Good
1.95,11.2,36.59,51.6,7.0,500.0,Female,Mechanical Engineering,At-Risk
2.95,20.56,47.87,82.21,7.0,400.0,Female,Business Administration,Average
2.7,10.08,47.88,63.24,5.0,500.0,Female,Mechanical Engineering,Average
3.34,21.86,46.41,66.08,4.0,300.0,Female,Civil Engineering,Average
2.0,17.48,36.16,49.45,4.0,100.0,Male,Economics,At-Risk
1.6,12.03,10.61,37.06,4.0,100.0,Male,Business Administration,At-Risk
4.61,28.34,70.0,90.85,8.0,100.0,Female,Medicine,Excellent
4.66,27.47,59.03,77.69,7.0,100.0,Female,Medicine,Excellent
4.29,21.6,46.92,92.52,6.0,300.0,Female,Mechanical Engineering,Good
4.9,29.05,59.63,75.89,6.0,100.0,Female,Computer Science,Excellent
3.85,29.41,53.98,77.5,5.0,100.0,Female,Law,Good
3.94,23.05,48.58,88.79,4.0,300.0,Male,Electrical Engineering,Good
3.93,19.14,58.05,55.66,4.0,400.0,Male,Mechanical Engineering,Good
2.66,13.52,22.81,82.14,7.0,400.0,Female,Economics,Average
2.55,16.33,18.74,56.4,4.0,100.0,Male,Mechanical Engineering,Average
1.58,7.62,33.11,50.38,4.0,500.0,Male,Mechanical Engineering,At-Risk
3.4,22.84,54.85,76.53,7.0,300.0,Female,Civil Engineering,Average
1.8,13.43,16.83,58.88,6.0,200.0,Female,Accounting,At-Risk
1.66,14.41,23.22,52.66,6.0,200.0,Male,Mass Communication,At-Risk
3.14,25.94,52.07,77.62,5.0,500.0,Male,Other,Average
2.34,19.05,36.18,63.33,4.0,300.0,Male,Law,At-Risk
1.48,4.24,21.97,65.43,6.0,200.0,Male,Mass Communication,At-Risk
4.17,20.52,67.17,85.29,5.0,300.0,Female,Accounting,Good
4.37,25.86,55.37,100.0,6.0,100.0,Male,Business Administration,Good
1.25,5.27,17.81,54.07,4.0,100.0,Female,Mass Communication,At-Risk
0.53,0.0,7.33,18.35,5.0,200.0,Male,Civil Engineering,At-Risk
2.01,9.87,25.99,80.26,4.0,200.0,Female,Law,At-Risk
4.09,22.16,54.12,73.32,6.0,200.0,Male,Other,Good
4.28,22.3,60.45,96.27,5.0,100.0,Female,Business Administration,Good
1.12,5.16,15.99,43.74,5.0,400.0,Female,Economics,At-Risk
3.98,29.8,47.4,88.43,6.0,100.0,Male,Law,Good
1.02,7.12,20.7,35.36,6.0,200.0,Male,Law,At-Risk
2.26,25.89,23.76,63.32,5.0,500.0,Male,Mechanical Engineering,At-Risk
4.99,30.0,68.17,87.39,7.0,100.0,Male,Other,Excellent
1.37,6.75,16.77,62.19,5.0,200.0,Female,Accounting,At-Risk
1.19,7.18,19.56,48.7,5.0,300.0,Female,Computer Science,At-Risk
2.4,15.7,16.68,68.19,6.0,200.0,Male,Electrical Engineering,Average
3.29,21.91,53.17,47.82,4.0,200.0,Male,Law,Average
4.7,30.0,60.36,85.52,6.0,100.0,Female,Business Administration,Excellent
4.91,25.26,70.0,93.07,6.0,300.0,Female,Electrical Engineering,Excellent
0.81,9.18,7.56,42.0,4.0,400.0,Female,Accounting,At-Risk
1.12,7.76,15.3,53.06,6.0,300.0,Female,Economics,At-Risk
4.06,16.49,70.0,75.04,4.0,500.0,Female,Computer Science,Good
1.72,14.16,21.83,51.1,7.0,400.0,Female,Civil Engineering,At-Risk
4.48,30.0,70.0,95.59,4.0,400.0,Female,Accounting,Good
3.49,16.63,49.11,49.04,4.0,300.0,Male,Law,Average
1.0,5.98,17.37,47.93,5.0,400.0,Female,Medicine,At-Risk
4.25,16.85,60.01,77.62,7.0,300.0,Male,Computer Science,Good
1.29,1.47,24.89,36.4,7.0,500.0,Female,Economics,At-Risk
2.41,19.67,28.2,62.23,6.0,300.0,Female,Mass Communication,Average
2.98,15.58,33.92,78.09,4.0,300.0,Male,Computer Science,Average
2.75,10.98,33.44,73.43,5.0,100.0,Male,Other,Average
3.59,22.67,51.03,71.7,7.0,500.0,Male,Electrical Engineering,Good
3.44,18.01,46.35,80.0,4.0,300.0,Female,Economics,Average
4.96,27.43,70.0,98.25,7.0,400.0,Male,Civil Engineering,Excellent
5.0,30.0,70.0,89.1,5.0,400.0,Male,Law,Excellent
2.82,11.14,31.73,56.96,4.0,100.0,Female,Mass Communication,Average
0.93,1.04,7.13,34.79,7.0,400.0,Female,Mass Communication,At-Risk
3.78,23.42,41.36,83.68,4.0,300.0,Male,Mass Communication,Good
4.89,30.0,70.0,88.32,5.0,200.0,Male,Law,Excellent
1.93,17.79,29.49,42.73,4.0,200.0,Female,Civil Engineering,At-Risk
2.58,12.13,39.89,44.06,6.0,400.0,Female,Accounting,Average
2.41,19.16,23.04,67.26,4.0,100.0,Female,Medicine,Average
0.73,0.47,10.23,33.31,4.0,400.0,Male,Electrical Engineering,At-Risk
3.53,30.0,53.43,75.61,6.0,500.0,Male,Economics,Good
2.09,6.87,27.24,67.48,8.0,100.0,Male,Accounting,At-Risk
4.04,30.0,65.22,65.43,4.0,100.0,Female,Other,Good
4.24,22.18,70.0,80.48,6.0,100.0,Male,Computer Science,Good
4.2,30.0,51.16,78.64,8.0,400.0,Male,Electrical Engineering,Good
2.37,17.21,25.07,62.3,5.0,500.0,Male,Computer Science,At-Risk
1.95,6.6,20.24,65.76,6.0,500.0,Male,Economics,At-Risk
3.87,20.61,67.03,63.14,8.0,100.0,Female,Economics,Good
4.11,28.54,65.83,84.97,7.0,300.0,Male,Economics,Good
2.71,21.53,36.86,72.84,5.0,100.0,Female,Mechanical Engineering,Average
4.52,26.76,63.55,82.36,7.0,200.0,Male,Civil Engineering,Excellent
1.15,7.11,9.53,42.4,7.0,200.0,Male,Business Administration,At-Risk
4.46,30.0,69.5,87.65,6.0,400.0,Female,Computer Science,Good
0.93,6.25,10.01,44.64,6.0,500.0,Female,Law,At-Risk
1.19,0.68,14.59,50.11,8.0,500.0,Female,Computer Science,At-Risk
2.9,13.35,45.5,70.44,8.0,100.0,Male,Medicine,Average
0.8,6.0,9.75,29.83,8.0,200.0,Female,Business Administration,At-Risk
0.74,10.5,8.45,48.75,7.0,200.0,Male,Other,At-Risk
0.5,11.09,7.12,47.7,5.0,200.0,Female,Medicine,At-Risk
2.46,18.68,40.85,61.42,4.0,200.0,Male,Accounting,Average
3.99,25.35,68.97,62.89,4.0,400.0,Female,Medicine,Good
0.66,7.68,13.88,36.73,8.0,400.0,Male,Electrical Engineering,At-Risk
3.44,17.28,54.52,73.17,5.0,500.0,Female,Electrical Engineering,Average
4.2,24.46,57.26,69.0,4.0,400.0,Male,Accounting,Good
1.26,3.42,11.92,41.47,5.0,200.0,Female,Mass Communication,At-Risk
1.16,0.72,21.48,29.84,4.0,100.0,Female,Mass Communication,At-Risk
4.37,27.91,62.6,88.56,6.0,200.0,Male,Business Administration,Good
4.2,26.15,47.48,82.11,6.0,400.0,Male,Civil Engineering,Good
2.93,20.99,38.33,48.65,5.0,500.0,Female,Other,Average
4.19,27.85,57.95,83.75,7.0,200.0,Female,Economics,Good
0.92,6.72,8.76,40.44,6.0,100.0,Female,Electrical Engineering,At-Risk
2.28,16.43,43.71,62.47,8.0,100.0,Female,Mechanical Engineering,At-Risk
3.82,22.71,57.32,71.93,7.0,100.0,Male,Mass Communication,Good
1.66,12.02,34.2,41.89,4.0,400.0,Male,Mass Communication,At-Risk
3.89,19.68,56.5,68.92,5.0,300.0,Male,Mass Communication,Good
2.77,18.46,39.41,57.84,7.0,400.0,Male,Computer Science,Average
3.88,26.6,46.77,76.7,6.0,100.0,Male,Mass Communication,Good
2.59,12.2,36.37,62.57,7.0,300.0,Female,Electrical Engineering,Average
2.16,13.19,30.28,53.96,5.0,100.0,Male,Law,At-Risk
1.49,5.8,9.87,43.6,4.0,200.0,Male,Mass Communication,At-Risk
1.44,5.99,15.81,43.74,7.0,400.0,Female,Civil Engineering,At-Risk
3.88,17.67,51.76,100.0,7.0,200.0,Female,Mechanical Engineering,Good
1.04,12.54,17.8,34.71,7.0,400.0,Male,Medicine,At-Risk
0.89,10.65,16.11,35.06,6.0,200.0,Female,Computer Science,At-Risk
1.29,10.45,13.46,78.46,4.0,300.0,Female,Economics,At-Risk
1.29,17.6,21.8,49.68,7.0,300.0,Female,Civil Engineering,At-Risk
4.2,24.28,57.4,66.65,7.0,200.0,Female,Business Administration,Good
2.29,28.92,9.15,65.95,7.0,100.0,Female,Mass Communication,At-Risk
4.96,28.6,65.52,80.38,4.0,300.0,Male,Other,Excellent
1.12,7.98,24.28,52.5,7.0,500.0,Female,Business Administration,At-Risk
3.44,18.66,34.72,69.18,7.0,400.0,Female,Civil Engineering,Average
2.52,16.98,36.17,55.83,8.0,400.0,Female,Mass Communication,Average
2.27,17.79,44.44,73.31,6.0,500.0,Female,Business Administration,At-Risk
4.44,26.06,56.05,88.92,7.0,100.0,Female,Mechanical Engineering,Good
4.89,30.0,68.48,98.41,6.0,400.0,Female,Mass Communication,Excellent
4.43,27.76,51.56,87.48,7.0,200.0,Male,Other,Good
1.37,9.54,32.13,41.94,7.0,400.0,Male,Civil Engineering,At-Risk
1.49,4.42,20.24,54.04,7.0,500.0,Male,Electrical Engineering,At-Risk
3.45,22.81,48.71,83.52,8.0,500.0,Female,Electrical Engineering,Average
1.8,10.14,36.05,52.96,4.0,300.0,Female,Economics,At-Risk
3.81,19.8,58.58,93.69,7.0,500.0,Male,Civil Engineering,Good
3.05,14.41,35.68,75.09,7.0,400.0,Male,Economics,Average
2.98,30.0,36.53,67.87,6.0,100.0,Male,Law,Average
4.23,24.05,63.16,83.26,6.0,200.0,Male,Computer Science,Good
3.7,14.9,46.77,75.74,7.0,500.0,Male,Mass Communication,Good
0.62,0.23,0.0,24.92,6.0,500.0,Male,Computer Science,At-Risk
0.72,4.08,9.69,37.77,6.0,500.0,Male,Electrical Engineering,At-Risk
3.21,21.98,33.06,70.7,8.0,200.0,Female,Medicine,Average
2.69,18.9,50.56,58.09,7.0,200.0,Female,Economics,Average
1.67,13.41,24.81,53.43,5.0,500.0,Female,Other,At-Risk
2.38,11.08,26.13,58.82,8.0,100.0,Male,Economics,At-Risk
3.91,25.17,49.16,84.66,5.0,500.0,Female,Business Administration,Good
4.22,20.94,43.96,87.27,4.0,400.0,Female,Medicine,Good
3.03,15.05,33.56,67.98,8.0,400.0,Female,Law,Average
2.23,8.82,39.41,43.14,5.0,300.0,Male,Medicine,At-Risk
1.72,4.37,41.91,68.52,5.0,500.0,Female,Business Administration,At-Risk
2.85,22.41,45.69,62.76,5.0,400.0,Female,Other,Average
1.92,14.94,26.09,52.19,6.0,100.0,Female,Civil Engineering,At-Risk
3.04,23.11,39.08,63.04,4.0,300.0,Male,Civil Engineering,Average
3.54,21.47,41.98,67.66,4.0,500.0,Female,Civil Engineering,Good
0.8,8.67,27.64,55.01,5.0,100.0,Female,Civil Engineering,At-Risk
0.5,0.0,5.56,49.92,5.0,400.0,Male,Mechanical Engineering,At-Risk
1.46,13.05,37.3,51.91,4.0,200.0,Female,Economics,At-Risk
4.53,28.04,70.0,83.23,8.0,300.0,Female,Law,Excellent
3.41,23.59,33.79,77.09,6.0,500.0,Male,Business Administration,Average
1.27,9.54,12.51,46.02,4.0,300.0,Female,Other,At-Risk
4.51,22.1,57.73,82.17,4.0,100.0,Female,Accounting,Excellent
2.61,8.2,35.97,64.76,8.0,100.0,Male,Accounting,Average
2.64,12.29,36.51,57.3,5.0,400.0,Male,Computer Science,Average
4.71,30.0,70.0,89.04,4.0,500.0,Female,Mass Communication,Excellent
0.77,8.06,2.13,41.25,7.0,200.0,Female,Electrical Engineering,At-Risk
1.47,1.97,22.39,53.65,8.0,500.0,Male,Electrical Engineering,At-Risk
3.14,13.91,48.84,61.44,5.0,300.0,Female,Other,Average
1.38,4.66,19.3,53.66,7.0,100.0,Male,Accounting,At-Risk
3.56,19.56,50.69,63.63,6.0,300.0,Male,Computer Science,Good
1.46,1.97,12.13,41.84,4.0,500.0,Female,Business Administration,At-Risk
0.95,0.0,14.1,36.07,7.0,200.0,Male,Economics,At-Risk
1.43,4.48,24.13,36.46,8.0,500.0,Female,Computer Science,At-Risk
2.4,14.85,36.25,68.98,8.0,400.0,Male,Law,Average
1.29,1.85,22.66,35.82,4.0,200.0,Female,Medicine,At-Risk
1.11,6.06,26.79,36.28,6.0,400.0,Female,Computer Science,At-Risk
4.37,30.0,68.69,95.01,7.0,300.0,Male,Economics,Good
1.94,5.14,27.76,47.6,4.0,100.0,Female,Mechanical Engineering,At-Risk
2.12,11.71,20.35,53.6,8.0,500.0,Male,Law,At-Risk
0.75,9.62,5.68,28.86,4.0,200.0,Male,Business Administration,At-Risk
2.11,10.56,27.76,63.63,5.0,300.0,Male,Mechanical Engineering,At-Risk
1.69,7.28,25.7,58.77,8.0,400.0,Male,Accounting,At-Risk
3.25,25.3,41.63,76.36,6.0,100.0,Male,Business Administration,Average
1.42,7.01,12.45,52.47,7.0,400.0,Male,Civil Engineering,At-Risk
4.5,30.0,53.46,84.71,6.0,200.0,Female,Mass Communication,Good
4.68,30.0,52.36,80.96,7.0,300.0,Female,Medicine,Excellent
0.95,3.98,11.41,33.24,4.0,300.0,Female,Accounting,At-Risk
0.98,8.3,2.01,54.7,7.0,400.0,Male,Mechanical Engineering,At-Risk
1.02,7.72,6.26,49.88,4.0,100.0,Male,Economics,At-Risk
3.29,24.83,42.88,62.52,4.0,100.0,Male,Computer Science,Average
1.05,3.55,4.0,42.98,6.0,300.0,Female,Mass Communication,At-Risk
4.34,26.22,63.74,79.03,6.0,100.0,Female,Computer Science,Good
3.89,23.06,60.44,65.45,4.0,200.0,Male,Medicine,Good
4.19,28.66,54.25,82.05,7.0,400.0,Male,Civil Engineering,Good
2.87,12.08,36.65,60.25,5.0,500.0,Male,Medicine,Average
4.99,30.0,70.0,80.3,8.0,400.0,Female,Civil Engineering,Excellent
0.7,6.52,4.07,23.59,4.0,200.0,Male,Computer Science,At-Risk
2.31,7.25,26.02,42.03,5.0,500.0,Male,Other,At-Risk
1.96,17.79,36.98,49.78,5.0,300.0,Female,Law,At-Risk
4.77,30.0,70.0,86.38,6.0,100.0,Male,Computer Science,Excellent
3.1,23.58,48.15,58.4,6.0,400.0,Female,Computer Science,Average
4.13,30.0,65.2,86.04,4.0,300.0,Female,Accounting,Good
1.27,8.03,1.91,44.54,6.0,200.0,Female,Other,At-Risk
4.9,21.12,70.0,94.62,8.0,400.0,Male,Economics,Excellent
2.74,7.24,41.55,61.1,4.0,400.0,Female,Computer Science,Average
2.72,17.6,46.19,54.79,5.0,200.0,Male,Medicine,Average
4.87,26.25,70.0,89.57,6.0,100.0,Female,Business Administration,Excellent
2.21,8.71,31.38,43.93,7.0,300.0,Female,Medicine,At-Risk
2.29,13.42,29.84,62.86,4.0,100.0,Female,Civil Engineering,At-Risk
3.13,21.87,46.78,58.21,5.0,400.0,Female,Computer Science,Average
1.08,0.0,12.57,52.1,5.0,300.0,Female,Computer Science,At-Risk
1.94,9.42,34.17,49.95,7.0,200.0,Female,Economics,At-Risk
1.37,15.77,6.48,57.06,4.0,300.0,Male,Economics,At-Risk
0.96,0.41,9.17,30.35,7.0,200.0,Male,Civil Engineering,At-Risk
4.4,30.0,70.0,75.99,6.0,200.0,Male,Computer Science,Good
3.15,16.49,39.12,71.63,5.0,200.0,Male,Law,Average
2.11,15.41,27.69,67.07,8.0,400.0,Female,Electrical Engineering,At-Risk
2.34,19.52,25.69,74.73,8.0,500.0,Male,Mechanical Engineering,At-Risk
2.44,18.36,36.87,59.72,8.0,400.0,Male,Business Administration,Average
3.35,24.64,41.0,88.57,8.0,200.0,Female,Medicine,Average
4.67,22.26,63.9,83.15,5.0,500.0,Male,Other,Excellent
4.7,30.0,70.0,97.36,8.0,100.0,Female,Economics,Excellent
2.26,9.31,26.07,47.72,4.0,200.0,Female,Other,At-Risk
1.98,13.19,34.05,57.98,5.0,100.0,Female,Medicine,At-Risk
2.53,16.47,41.99,36.94,6.0,500.0,Female,Mass Communication,Average
3.06,20.76,51.22,55.45,7.0,100.0,Female,Electrical Engineering,Average
2.58,17.15,37.22,65.6,6.0,300.0,Male,Computer Science,Average
3.46,16.57,70.0,58.45,6.0,100.0,Male,Medicine,Average
2.99,11.22,50.36,70.21,5.0,200.0,Male,Other,Average
1.94,16.02,29.8,62.38,6.0,400.0,Female,Law,At-Risk
2.06,13.26,21.77,49.66,6.0,500.0,Female,Civil Engineering,At-Risk
2.2,18.97,30.07,46.75,6.0,100.0,Male,Accounting,At-Risk
0.93,5.33,24.37,36.37,6.0,100.0,Male,Electrical Engineering,At-Risk
1.25,0.46,31.14,35.31,7.0,200.0,Male,Civil Engineering,At-Risk
3.75,27.35,64.38,74.04,5.0,500.0,Male,Medicine,Good
2.25,11.65,37.79,58.03,4.0,100.0,Female,Electrical Engineering,At-Risk
1.47,10.5,10.47,44.53,5.0,100.0,Male,Accounting,At-Risk
3.03,14.95,46.35,83.13,6.0,300.0,Female,Civil Engineering,Average
3.9,30.0,44.67,69.61,4.0,200.0,Male,Accounting,Good
1.66,5.57,11.32,63.82,4.0,100.0,Male,Law,At-Risk
4.22,23.64,61.0,70.23,8.0,300.0,Female,Mass Communication,Good
4.67,28.58,69.62,86.81,5.0,400.0,Male,Business Administration,Excellent
3.19,13.67,51.86,80.09,7.0,100.0,Male,Mass Communication,Average
3.51,22.71,53.12,83.44,4.0,400.0,Female,Medicine,Good
0.74,12.48,14.56,34.64,8.0,100.0,Male,Other,At-Risk
4.75,26.08,58.69,92.61,5.0,400.0,Male,Law,Excellent
2.27,15.57,30.89,61.41,5.0,200.0,Male,Economics,At-Risk
4.66,14.2,53.15,80.49,7.0,200.0,Female,Medicine,Excellent
3.11,18.44,27.45,73.42,5.0,100.0,Female,Civil Engineering,Average
0.52,1.56,13.22,54.87,6.0,500.0,Female,Medicine,At-Risk
0.67,0.0,3.4,42.8,7.0,300.0,Male,Medicine,At-Risk
3.56,26.78,56.85,78.41,4.0,400.0,Male,Economics,Good
3.03,16.56,51.31,73.11,4.0,200.0,Male,Electrical Engineering,Average
0.62,2.83,3.72,22.82,7.0,100.0,Male,Accounting,At-Risk
3.85,21.19,58.56,80.75,5.0,100.0,Female,Medicine,Good
4.33,16.42,55.4,71.85,8.0,300.0,Male,Mechanical Engineering,Good
2.73,10.74,23.51,56.91,8.0,200.0,Female,Law,Average
2.6,20.38,37.33,82.77,8.0,400.0,Female,Mass Communication,Average
0.52,0.0,3.58,33.76,8.0,400.0,Female,Accounting,At-Risk
4.04,20.41,53.04,71.08,8.0,200.0,Male,Other,Good
1.99,9.93,43.64,65.38,5.0,300.0,Male,Mass Communication,At-Risk
4.45,30.0,50.16,73.98,8.0,200.0,Female,Accounting,Good
2.18,16.92,33.57,51.67,5.0,400.0,Female,Mass Communication,At-Risk
3.04,15.47,34.64,79.0,6.0,400.0,Male,Other,Average
1.72,16.82,31.3,51.03,4.0,400.0,Male,Electrical Engineering,At-Risk
1.22,3.63,19.5,29.06,8.0,100.0,Female,Other,At-Risk
3.99,28.97,58.85,83.28,6.0,200.0,Female,Computer Science,Good
2.73,9.61,30.73,58.85,8.0,500.0,Male,Accounting,Average
2.91,22.85,34.67,80.37,5.0,200.0,Female,Other,Average
4.84,27.04,70.0,82.07,5.0,100.0,Male,Medicine,Excellent
4.84,23.87,70.0,98.55,6.0,100.0,Female,Mechanical Engineering,Excellent
4.35,25.02,64.75,99.96,8.0,100.0,Female,Medicine,Good
1.34,9.45,11.64,37.62,6.0,400.0,Male,Mechanical Engineering,At-Risk
3.17,16.57,47.15,66.16,7.0,100.0,Female,Mechanical Engineering,Average
4.45,29.48,70.0,87.31,5.0,300.0,Male,Other,Good
2.19,10.2,31.41,47.65,7.0,200.0,Male,Computer Science,At-Risk
0.95,8.83,25.06,44.16,7.0,100.0,Female,Other,At-Risk
4.15,27.11,52.17,77.54,8.0,500.0,Male,Business Administration,Good
2.67,15.7,37.01,59.56,4.0,400.0,Female,Computer Science,Average
3.04,16.03,47.51,66.97,5.0,500.0,Female,Law,Average
4.92,30.0,70.0,89.75,4.0,500.0,Female,Computer Science,Excellent
3.23,22.15,39.12,70.43,6.0,500.0,Male,Civil Engineering,Average
2.41,24.78,27.3,52.96,7.0,400.0,Male,Mechanical Engineering,Average
2.16,17.69,38.22,50.43,7.0,300.0,Male,Law,At-Risk
2.38,19.16,42.84,57.37,7.0,400.0,Female,Business Administration,At-Risk
1.03,21.64,26.56,41.95,7.0,300.0,Male,Medicine,At-Risk
4.08,27.04,70.0,74.53,8.0,100.0,Female,Computer Science,Good
4.27,28.04,60.85,84.48,8.0,200.0,Male,Medicine,Good
1.78,14.2,22.43,33.21,6.0,300.0,Male,Medicine,At-Risk
1.87,6.16,36.95,45.1,8.0,100.0,Female,Civil Engineering,At-Risk
4.43,24.39,67.79,80.41,4.0,500.0,Female,Mass Communication,Good
0.61,1.12,0.65,28.73,7.0,500.0,Female,Accounting,At-Risk
2.84,20.29,31.52,80.4,6.0,300.0,Male,Medicine,Average
2.59,14.65,40.15,61.23,8.0,300.0,Female,Electrical Engineering,Average
3.61,22.32,49.06,75.03,6.0,500.0,Female,Other,Good
1.24,12.85,17.08,39.99,4.0,300.0,Female,Mechanical Engineering,At-Risk
3.51,25.36,57.69,71.93,7.0,400.0,Female,Economics,Good
2.2,12.36,36.81,44.19,8.0,300.0,Male,Computer Science,At-Risk
3.28,16.36,56.62,67.71,4.0,200.0,Male,Computer Science,Average
0.68,9.76,0.0,28.8,4.0,400.0,Female,Electrical Engineering,At-Risk
2.58,19.34,38.12,58.16,7.0,100.0,Male,Other,Average
2.85,9.07,45.46,38.6,6.0,200.0,Male,Mechanical Engineering,Average
1.46,7.22,8.29,36.29,6.0,400.0,Male,Mass Communication,At-Risk
1.13,7.6,10.56,58.18,4.0,400.0,Male,Economics,At-Risk
1.35,11.98,12.15,54.48,6.0,500.0,Male,Computer Science,At-Risk
2.05,16.84,28.85,67.77,6.0,400.0,Female,Business Administration,At-Risk
0.94,7.03,26.12,55.1,8.0,100.0,Female,Accounting,At-Risk
4.76,30.0,70.0,93.89,5.0,500.0,Male,Mechanical Engineering,Excellent
2.32,14.26,26.0,53.34,5.0,300.0,Male,Economics,At-Risk
4.14,21.47,62.18,69.31,4.0,100.0,Male,Mass Communication,Good
4.88,28.0,70.0,100.0,6.0,300.0,Female,Mass Communication,Excellent
0.86,5.27,15.19,41.01,7.0,100.0,Male,Accounting,At-Risk
3.43,20.42,51.25,96.13,5.0,300.0,Male,Mass Communication,Average
4.42,17.1,64.33,79.41,7.0,300.0,Female,Other,Good
3.35,18.14,60.46,89.98,8.0,100.0,Female,Computer Science,Average
2.43,14.86,42.85,57.6,4.0,500.0,Male,Economics,Average
2.44,13.23,25.68,72.64,6.0,300.0,Female,Law,Average
0.66,2.74,15.63,54.91,7.0,500.0,Female,Computer Science,At-Risk
2.91,19.87,47.82,54.64,4.0,300.0,Male,Economics,Average
4.97,24.43,70.0,84.8,4.0,300.0,Female,Other,Excellent
4.81,20.74,70.0,77.44,5.0,500.0,Male,Mechanical Engineering,Excellent
0.68,2.35,11.05,25.88,4.0,200.0,Female,Mass Communication,At-Risk
3.68,25.88,53.07,80.78,5.0,500.0,Male,Other,Good
1.86,19.59,26.98,50.33,4.0,100.0,Male,Economics,At-Risk
4.56,30.0,47.74,85.29,8.0,500.0,Female,Economics,Excellent
0.7,0.0,9.2,44.0,6.0,400.0,Female,Accounting,At-Risk
4.71,27.11,60.61,67.96,5.0,300.0,Male,Business Administration,Excellent
4.27,26.9,50.27,94.09,7.0,200.0,Male,Business Administration,Good
1.03,7.06,25.87,38.85,4.0,300.0,Female,Accounting,At-Risk
0.77,7.31,14.8,44.55,6.0,300.0,Female,Accounting,At-Risk
4.26,20.95,59.35,87.28,7.0,500.0,Female,Mass Communication,Good
1.2,7.53,12.29,58.12,8.0,500.0,Female,Law,At-Risk
2.91,19.54,43.07,63.84,5.0,300.0,Male,Civil Engineering,Average
4.62,30.0,70.0,64.21,6.0,200.0,Male,Accounting,Excellent
3.05,14.29,36.13,67.21,7.0,200.0,Female,Mechanical Engineering,Average
2.29,12.0,31.99,59.46,7.0,200.0,Female,Electrical Engineering,At-Risk
2.5,1.5,41.98,49.69,4.0,100.0,Male,Business Administration,Average
0.78,1.6,0.0,40.88,8.0,100.0,Female,Computer Science,At-Risk
4.86,26.53,67.57,84.7,5.0,400.0,Male,Mass Communication,Excellent
1.9,6.29,23.14,39.35,5.0,200.0,Male,Electrical Engineering,At-Risk
1.35,8.94,17.86,52.94,4.0,300.0,Male,Civil Engineering,At-Risk
1.79,10.44,21.01,45.81,4.0,400.0,Male,Mechanical Engineering,At-Risk
4.84,17.74,68.86,84.01,5.0,400.0,Male,Mechanical Engineering,Excellent
0.92,6.62,28.33,36.47,4.0,200.0,Female,Business Administration,At-Risk
4.4,21.78,59.05,95.19,7.0,400.0,Male,Medicine,Good
3.69,24.54,53.93,73.81,6.0,100.0,Female,Mass Communication,Good
4.24,19.0,70.0,81.61,5.0,300.0,Female,Mechanical Engineering,Good
4.89,29.5,64.08,84.29,6.0,100.0,Female,Mechanical Engineering,Excellent
4.29,24.32,70.0,86.11,7.0,300.0,Male,Accounting,Good
4.75,29.99,66.48,100.0,4.0,100.0,Male,Civil Engineering,Excellent
1.07,7.05,29.25,49.33,5.0,500.0,Male,Law,At-Risk
4.08,23.21,63.14,85.84,8.0,400.0,Female,Mechanical Engineering,Good
2.96,10.05,43.83,71.53,4.0,200.0,Male,Business Administration,Average
2.95,10.29,40.72,51.55,8.0,400.0,Female,Economics,Average
4.55,24.35,58.64,75.78,8.0,200.0,Female,Business Administration,Excellent
4.87,29.2,68.83,86.43,5.0,300.0,Female,Economics,Excellent
3.67,18.99,58.58,66.8,5.0,100.0,Male,Law,Good
2.67,19.17,37.32,51.43,5.0,300.0,Male,Accounting,Average
2.55,13.93,33.22,41.92,6.0,100.0,Female,Accounting,Average
2.24,8.61,29.33,43.4,5.0,100.0,Male,Other,At-Risk
2.13,11.37,37.72,52.96,7.0,300.0,Male,Other,At-Risk
2.26,14.7,41.47,56.45,5.0,300.0,Female,Other,At-Risk
0.9,7.05,7.32,32.92,8.0,200.0,Female,Computer Science,At-Risk
0.85,14.48,6.53,40.97,8.0,100.0,Male,Mass Communication,At-Risk
4.01,20.71,59.17,73.77,6.0,300.0,Male,Mass Communication,Good
2.51,14.68,47.32,70.99,6.0,500.0,Male,Law,Average
4.69,30.0,70.0,84.64,4.0,400.0,Male,Law,Excellent
3.25,19.41,35.56,76.02,4.0,100.0,Female,Business Administration,Average
0.66,1.45,7.1,39.93,6.0,500.0,Female,Medicine,At-Risk
1.21,0.0,9.48,30.49,6.0,300.0,Male,Economics,At-Risk
1.43,6.0,17.83,46.21,5.0,300.0,Male,Mass Communication,At-Risk
4.89,23.98,70.0,76.33,4.0,100.0,Male,Civil Engineering,Excellent
1.48,0.27,9.4,46.73,8.0,200.0,Male,Law,At-Risk
2.82,12.95,26.54,56.4,6.0,400.0,Male,Law,Average
4.71,23.04,59.35,90.37,6.0,200.0,Male,Mass Communication,Excellent
4.9,30.0,70.0,75.34,6.0,100.0,Female,Electrical Engineering,Excellent
1.56,12.39,26.86,48.91,6.0,100.0,Female,Mass Communication,At-Risk
0.72,0.0,13.59,44.38,7.0,500.0,Female,Mechanical Engineering,At-Risk
1.19,5.85,26.08,53.37,7.0,500.0,Female,Other,At-Risk
0.78,0.0,0.0,31.78,6.0,100.0,Male,Computer Science,At-Risk
1.38,5.8,28.8,46.71,4.0,500.0,Female,Mechanical Engineering,At-Risk
3.06,20.35,40.32,68.54,8.0,500.0,Male,Economics,Average
4.61,30.0,70.0,100.0,5.0,200.0,Female,Accounting,Excellent
2.92,13.94,30.26,50.2,4.0,400.0,Female,Medicine,Average
3.32,25.16,46.48,60.69,4.0,200.0,Female,Business Administration,Average
1.41,0.87,21.61,74.95,7.0,200.0,Male,Computer Science,At-Risk
4.1,18.38,66.68,76.5,5.0,400.0,Female,Economics,Good
3.28,23.23,33.24,50.45,4.0,200.0,Female,Accounting,Average
4.39,30.0,61.69,76.84,8.0,200.0,Male,Accounting,Good
4.77,30.0,58.1,59.55,5.0,200.0,Female,Business Administration,Excellent
2.07,12.19,32.96,57.2,8.0,100.0,Male,Mass Communication,At-Risk
0.91,0.0,18.92,48.99,8.0,500.0,Male,Law,At-Risk
1.52,0.0,31.53,39.08,4.0,400.0,Female,Electrical Engineering,At-Risk
2.47,15.47,30.3,54.94,7.0,500.0,Male,Computer Science,Average
4.76,26.74,70.0,96.3,7.0,300.0,Male,Electrical Engineering,Excellent
2.2,7.69,41.72,38.93,4.0,100.0,Male,Computer Science,At-Risk
3.97,24.14,42.41,64.41,5.0,200.0,Male,Medicine,Good
2.93,18.17,45.95,62.9,6.0,200.0,Female,Economics,Average
1.32,12.66,26.19,38.35,4.0,500.0,Female,Accounting,At-Risk
1.94,12.34,25.14,50.38,7.0,200.0,Male,Economics,At-Risk
3.44,26.78,38.46,58.63,5.0,400.0,Male,Law,Average
3.53,21.21,56.93,74.48,8.0,100.0,Female,Mass Communication,Good
2.46,14.16,24.79,57.98,8.0,500.0,Female,Business Administration,Average
1.53,14.49,19.98,53.84,7.0,400.0,Female,Economics,At-Risk
3.75,17.6,52.16,76.99,4.0,300.0,Female,Economics,Good
1.26,21.63,23.36,47.19,4.0,200.0,Female,Other,At-Risk
4.72,30.0,61.0,72.12,4.0,200.0,Male,Law,Excellent
1.35,9.98,13.36,51.07,6.0,200.0,Female,Civil Engineering,At-Risk
0.98,8.52,14.55,38.49,7.0,300.0,Female,Mass Communication,At-Risk
2.74,25.82,46.4,61.21,4.0,500.0,Male,Business Administration,Average
2.84,20.99,58.03,74.54,7.0,200.0,Male,Law,Average
2.79,8.7,26.96,56.25,4.0,400.0,Female,Other,Average
2.47,21.81,37.03,73.09,5.0,300.0,Female,Law,Average
4.98,28.16,60.98,100.0,6.0,400.0,Female,Electrical Engineering,Excellent
2.69,16.67,45.79,69.79,8.0,400.0,Male,Mechanical Engineering,Average
2.65,9.51,29.6,52.0,7.0,100.0,Male,Law,Average
2.4,17.02,28.17,36.91,6.0,100.0,Female,Electrical Engineering,At-Risk
0.8,1.55,6.5,50.4,4.0,500.0,Male,Computer Science,At-Risk
3.17,19.51,43.75,69.13,5.0,100.0,Female,Mechanical Engineering,Average
1.53,7.73,23.95,40.86,7.0,300.0,Male,Accounting,At-Risk
3.37,29.84,51.04,82.17,4.0,400.0,Male,Electrical Engineering,Average
0.73,14.28,10.16,30.13,7.0,300.0,Male,Electrical Engineering,At-Risk
4.92,29.73,58.19,84.75,7.0,100.0,Female,Civil Engineering,Excellent
2.61,15.98,42.37,66.58,7.0,100.0,Female,Economics,Average
4.54,25.35,63.07,73.29,5.0,400.0,Male,Accounting,Excellent
2.64,21.37,46.25,60.59,5.0,500.0,Male,Law,Average
0.77,2.98,5.14,50.15,4.0,200.0,Male,Other,At-Risk
4.2,23.09,45.98,82.51,5.0,300.0,Female,Computer Science,Good
3.42,25.39,47.56,83.48,6.0,500.0,Female,Medicine,Average
4.02,21.42,66.62,89.55,4.0,500.0,Female,Electrical Engineering,Good
2.43,14.37,35.26,59.2,6.0,300.0,Male,Civil Engineering,Average
3.37,12.32,45.59,47.08,5.0,400.0,Male,Civil Engineering,Average
4.35,29.64,53.98,71.18,6.0,500.0,Male,Medicine,Good
3.34,29.74,60.82,77.71,5.0,400.0,Female,Mechanical Engineering,Average
2.06,15.99,20.67,39.27,8.0,300.0,Male,Mass Communication,At-Risk
3.48,28.2,42.94,68.51,5.0,400.0,Male,Business Administration,Average
3.52,16.91,53.89,75.66,8.0,200.0,Female,Law,Good
4.82,30.0,52.67,100.0,4.0,500.0,Male,Other,Excellent
2.17,8.3,40.56,50.28,4.0,100.0,Female,Accounting,At-Risk
2.41,13.34,38.77,52.52,4.0,200.0,Male,Electrical Engineering,Average
4.15,28.79,65.36,79.33,6.0,200.0,Female,Medicine,Good
2.78,17.16,43.33,66.82,8.0,200.0,Male,Business Administration,Average
3.81,15.82,52.12,74.23,4.0,300.0,Female,Civil Engineering,Good
2.57,8.84,27.46,71.32,7.0,400.0,Male,Accounting,Average
1.47,1.91,19.46,39.65,7.0,500.0,Male,Civil Engineering,At-Risk
3.85,25.58,46.15,77.44,5.0,300.0,Male,Civil Engineering,Good
1.09,16.86,19.15,47.53,5.0,400.0,Female,Other,At-Risk
1.39,15.17,25.97,42.72,8.0,300.0,Male,Civil Engineering,At-Risk
3.32,10.44,58.3,78.25,7.0,100.0,Male,Accounting,Average
3.86,30.0,57.05,77.84,5.0,400.0,Male,Medicine,Good
4.53,30.0,70.0,92.2,8.0,100.0,Female,Mechanical Engineering,Excellent
1.73,2.63,21.8,52.66,6.0,300.0,Female,Economics,At-Risk
1.0,4.47,10.15,45.74,4.0,500.0,Female,Mass Communication,At-Risk
4.8,30.0,70.0,81.3,8.0,400.0,Male,Law,Excellent
1.19,9.92,13.64,38.03,8.0,300.0,Female,Computer Science,At-Risk
1.39,1.79,21.61,58.92,6.0,200.0,Female,Business Administration,At-Risk
1.81,13.92,16.86,58.09,7.0,500.0,Female,Computer Science,At-Risk
2.88,6.61,33.3,54.36,5.0,500.0,Female,Economics,Average
4.47,25.72,67.7,85.48,8.0,200.0,Male,Civil Engineering,Good
3.92,29.22,62.01,53.33,5.0,100.0,Female,Mass Communication,Good
3.69,22.21,43.73,68.5,5.0,300.0,Male,Electrical Engineering,Good
1.29,5.24,23.4,55.07,6.0,400.0,Female,Mass Communication,At-Risk
2.11,17.1,25.27,54.06,5.0,500.0,Male,Civil Engineering,At-Risk
2.65,20.79,37.27,63.01,7.0,500.0,Female,Other,Average
1.16,13.53,27.62,13.8,7.0,200.0,Female,Mechanical Engineering,At-Risk
1.73,14.75,30.69,46.84,6.0,200.0,Female,Mechanical Engineering,At-Risk
1.89,16.73,32.79,56.03,7.0,500.0,Female,Civil Engineering,At-Risk
1.07,10.1,30.29,47.53,6.0,200.0,Female,Other,At-Risk
2.98,19.18,36.03,75.34,8.0,300.0,Male,Law,Average
3.67,22.48,43.53,71.97,5.0,200.0,Female,Law,Good
0.81,3.7,5.63,38.12,7.0,200.0,Female,Economics,At-Risk
2.67,9.93,35.27,48.66,6.0,300.0,Male,Law,Average
4.02,19.34,37.44,76.19,8.0,200.0,Female,Economics,Good
3.87,21.79,52.46,63.78,5.0,300.0,Female,Medicine,Good
4.17,26.21,53.99,61.54,4.0,200.0,Female,Mass Communication,Good
2.52,22.31,41.51,49.35,8.0,100.0,Female,Other,Average
4.19,24.95,61.51,95.4,8.0,400.0,Male,Economics,Good
1.58,14.52,17.36,46.3,7.0,500.0,Male,Business Administration,At-Risk
2.12,18.14,34.45,57.68,6.0,300.0,Male,Medicine,At-Risk
1.29,6.6,23.9,40.39,6.0,200.0,Female,Law,At-Risk
2.6,18.6,30.3,43.34,7.0,400.0,Female,Other,Average
2.26,12.37,27.76,66.53,7.0,300.0,Female,Medicine,At-Risk
1.58,16.12,4.38,27.29,5.0,300.0,Male,Other,At-Risk
3.88,26.48,45.64,71.05,4.0,300.0,Female,Law,Good
1.91,5.52,20.83,52.4,4.0,400.0,Male,Other,At-Risk
1.73,11.17,24.78,53.04,5.0,100.0,Male,Law,At-Risk
1.09,14.77,7.68,35.8,7.0,100.0,Female,Mass Communication,At-Risk
2.47,13.94,30.54,41.32,6.0,100.0,Male,Mechanical Engineering,Average
1.86,13.42,16.28,44.35,7.0,100.0,Female,Other,At-Risk
2.16,15.7,31.63,48.45,6.0,500.0,Male,Civil Engineering,At-Risk
1.56,4.19,25.27,41.01,5.0,400.0,Male,Law,At-Risk
3.93,26.16,58.3,86.91,7.0,400.0,Female,Business Administration,Good
4.69,21.14,65.69,74.08,7.0,400.0,Female,Accounting,Excellent
2.74,13.32,26.04,65.9,8.0,100.0,Female,Law,Average
3.39,25.74,42.55,72.3,8.0,200.0,Male,Accounting,Average
4.4,28.2,58.37,92.43,5.0,400.0,Female,Medicine,Good
4.99,28.45,66.7,88.61,7.0,300.0,Female,Computer Science,Excellent
3.26,21.8,46.25,77.04,5.0,300.0,Male,Mass Communication,Average
4.5,26.72,70.0,82.33,8.0,400.0,Male,Business Administration,Excellent
4.59,27.6,70.0,89.41,7.0,100.0,Male,Law,Excellent
4.06,27.65,48.96,63.71,8.0,400.0,Female,Civil Engineering,Good
2.57,11.81,41.47,34.51,5.0,400.0,Female,Economics,Average
0.87,5.39,17.24,44.16,4.0,300.0,Female,Economics,At-Risk
0.57,1.87,1.55,41.17,4.0,300.0,Female,Electrical Engineering,At-Risk
2.65,7.96,43.85,66.52,6.0,100.0,Male,Accounting,Average
2.72,11.74,36.86,57.44,8.0,200.0,Female,Economics,Average
2.33,21.84,21.38,72.89,7.0,200.0,Female,Mass Communication,At-Risk
3.06,20.26,46.44,62.08,8.0,500.0,Male,Mass Communication,Average
2.98,11.29,43.52,70.03,6.0,100.0,Female,Business Administration,Average
4.26,17.89,57.89,87.12,8.0,200.0,Male,Medicine,Good
0.99,5.37,13.55,59.05,8.0,100.0,Female,Electrical Engineering,At-Risk
1.51,16.89,15.43,44.99,5.0,200.0,Female,Mass Communication,At-Risk
4.07,23.48,61.84,72.29,8.0,100.0,Female,Mass Communication,Good
4.32,30.0,60.07,66.8,4.0,200.0,Female,Other,Good
4.98,30.0,70.0,100.0,6.0,400.0,Female,Accounting,Excellent
4.43,28.92,64.85,87.35,6.0,400.0,Male,Civil Engineering,Good
4.5,20.35,53.83,88.59,5.0,200.0,Male,Law,Excellent
1.91,16.18,19.65,84.14,8.0,400.0,Female,Medicine,At-Risk
2.31,12.17,14.63,60.94,7.0,400.0,Male,Mechanical Engineering,At-Risk
1.71,14.55,28.41,37.45,4.0,500.0,Female,Accounting,At-Risk
3.23,15.3,35.5,66.78,4.0,500.0,Male,Medicine,Average
4.72,29.23,67.21,76.95,4.0,200.0,Female,Accounting,Excellent
2.05,14.07,31.68,50.65,5.0,300.0,Female,Business Administration,At-Risk
3.01,17.27,46.91,62.05,4.0,400.0,Male,Mechanical Engineering,Average
1.83,13.02,16.03,46.13,5.0,200.0,Female,Business Administration,At-Risk
1.26,6.25,17.18,31.24,7.0,300.0,Male,Mechanical Engineering,At-Risk
1.38,5.02,32.66,62.47,8.0,300.0,Male,Civil Engineering,At-Risk
0.76,12.59,24.37,42.12,7.0,200.0,Female,Mechanical Engineering,At-Risk
4.77,30.0,70.0,85.01,6.0,100.0,Male,Business Administration,Excellent
2.31,10.07,35.08,65.33,7.0,100.0,Female,Economics,At-Risk
4.25,28.36,51.51,85.75,8.0,400.0,Female,Business Administration,Good
3.57,17.68,55.67,75.55,4.0,500.0,Female,Electrical Engineering,Good
1.36,2.26,17.83,53.21,8.0,400.0,Female,Law,At-Risk
1.29,12.91,22.54,46.81,7.0,200.0,Female,Business Administration,At-Risk
4.15,16.4,53.09,86.55,5.0,100.0,Male,Economics,Good
1.69,14.78,22.29,57.83,6.0,400.0,Male,Accounting,At-Risk
4.61,26.4,65.85,86.94,6.0,100.0,Male,Accounting,Excellent
1.13,5.72,17.79,41.36,4.0,300.0,Male,Business Administration,At-Risk
3.55,23.35,53.65,87.9,5.0,500.0,Male,Law,Good
4.17,27.9,53.68,75.2,5.0,100.0,Male,Mass Communication,Good
1.56,5.22,11.07,52.62,4.0,300.0,Female,Mass Communication,At-Risk
1.74,14.05,37.4,55.05,6.0,500.0,Female,Business Administration,At-Risk
4.84,29.61,70.0,81.99,6.0,200.0,Female,Civil Engineering,Excellent
1.69,3.86,27.25,42.21,5.0,500.0,Male,Computer Science,At-Risk
2.43,13.76,23.5,55.68,4.0,500.0,Female,Business Administration,Average
2.45,21.58,28.06,54.43,8.0,300.0,Female,Other,Average
1.64,18.21,27.01,35.08,7.0,200.0,Male,Mechanical Engineering,At-Risk
3.99,27.53,66.6,71.38,6.0,400.0,Female,Mass Communication,Good
3.97,17.89,45.92,80.34,7.0,400.0,Female,Law,Good
2.2,15.67,29.84,69.09,5.0,300.0,Female,Medicine,At-Risk
4.26,29.8,61.18,86.64,5.0,100.0,Male,Economics,Good
1.46,12.38,27.34,21.51,7.0,400.0,Female,Law,At-Risk
0.52,7.04,4.52,42.65,7.0,200.0,Female,Electrical Engineering,At-Risk
3.07,20.24,30.47,61.26,7.0,100.0,Female,Electrical Engineering,Average
4.97,29.48,70.0,94.21,6.0,100.0,Male,Mechanical Engineering,Excellent
0.67,1.0,18.43,37.95,4.0,300.0,Male,Law,At-Risk
1.44,0.0,19.44,45.31,7.0,100.0,Male,Business Administration,At-Risk
2.84,18.71,42.93,63.0,7.0,200.0,Female,Mechanical Engineering,Average
4.14,25.8,54.23,79.51,6.0,200.0,Male,Computer Science,Good
0.9,8.19,5.84,54.25,5.0,300.0,Male,Accounting,At-Risk
2.28,6.98,40.11,57.15,8.0,400.0,Female,Business Administration,At-Risk
3.86,26.4,57.17,87.2,5.0,300.0,Male,Electrical Engineering,Good
2.17,23.3,34.33,65.46,5.0,300.0,Female,Computer Science,At-Risk
1.35,8.49,30.91,52.87,7.0,100.0,Female,Law,At-Risk
1.38,7.97,10.88,28.69,6.0,100.0,Male,Law,At-Risk
2.35,15.62,28.42,69.31,6.0,500.0,Female,Mechanical Engineering,At-Risk
2.66,26.11,38.47,57.31,7.0,400.0,Female,Accounting,Average
4.38,21.15,56.78,89.7,5.0,100.0,Female,Mechanical Engineering,Good
3.39,21.36,53.73,60.96,4.0,300.0,Female,Business Administration,Average
3.61,17.64,49.0,61.43,4.0,100.0,Male,Electrical Engineering,Good
4.92,26.81,60.99,100.0,8.0,100.0,Female,Other,Excellent
2.35,13.87,33.47,48.67,6.0,200.0,Female,Medicine,At-Risk
2.32,20.63,33.77,69.24,6.0,400.0,Female,Mass Communication,At-Risk
4.66,30.0,70.0,87.04,5.0,400.0,Female,Civil Engineering,Excellent
1.61,11.88,25.64,45.08,7.0,400.0,Female,Mass Communication,At-Risk
3.78,20.82,56.67,74.96,8.0,100.0,Female,Accounting,Good
3.9,30.0,57.1,63.74,7.0,100.0,Male,Mechanical Engineering,Good
0.94,3.5,11.65,41.14,6.0,300.0,Male,Civil Engineering,At-Risk
2.61,12.79,30.77,50.46,6.0,500.0,Male,Law,Average
1.4,0.0,21.95,42.88,8.0,400.0,Female,Law,At-Risk
1.33,14.99,16.01,55.26,8.0,400.0,Male,Medicine,At-Risk
2.59,20.36,49.74,63.59,5.0,100.0,Female,Mechanical Engineering,Average
1.8,22.9,35.97,36.81,8.0,500.0,Female,Medicine,At-Risk
4.08,17.55,62.21,87.5,8.0,500.0,Female,Other,Good
4.58,30.0,67.21,84.94,8.0,300.0,Female,Computer Science,Excellent
4.11,25.02,56.87,73.93,4.0,200.0,Male,Civil Engineering,Good
1.7,14.21,13.67,57.83,4.0,400.0,Male,Computer Science,At-Risk
1.73,2.16,22.54,49.13,5.0,400.0,Female,Electrical Engineering,At-Risk
1.65,17.22,23.86,38.1,7.0,500.0,Male,Other,At-Risk
1.11,10.58,17.34,61.77,4.0,100.0,Male,Mechanical Engineering,At-Risk
4.75,28.29,70.0,86.79,4.0,300.0,Female,Electrical Engineering,Excellent
2.31,17.08,39.7,56.9,4.0,400.0,Male,Computer Science,At-Risk
1.51,5.24,15.62,44.08,4.0,200.0,Female,Other,At-Risk
4.31,22.96,54.88,93.52,8.0,500.0,Male,Accounting,Good
2.3,11.46,43.76,52.31,7.0,100.0,Male,Law,At-Risk
0.66,0.0,15.38,22.45,7.0,100.0,Female,Mechanical Engineering,At-Risk
1.23,11.68,14.08,37.96,5.0,400.0,Female,Medicine,At-Risk
3.38,26.22,46.42,83.79,7.0,100.0,Female,Mass Communication,Average
4.02,20.63,55.5,86.6,7.0,300.0,Male,Medicine,Good
1.45,10.44,20.54,44.84,6.0,200.0,Male,Accounting,At-Risk
4.63,26.44,68.58,99.27,8.0,400.0,Female,Mechanical Engineering,Excellent
4.33,27.62,70.0,89.43,6.0,100.0,Male,Mechanical Engineering,Good
4.32,22.77,61.97,79.15,5.0,200.0,Male,Economics,Good
1.52,4.73,26.64,46.63,7.0,500.0,Male,Business Administration,At-Risk
0.73,9.62,0.0,42.02,8.0,200.0,Female,Computer Science,At-Risk
4.4,26.1,57.77,74.52,8.0,300.0,Male,Mechanical Engineering,Good
1.88,21.37,36.1,52.56,6.0,500.0,Male,Business Administration,At-Risk
3.29,19.94,49.21,72.51,6.0,400.0,Female,Electrical Engineering,Average
3.92,18.89,19.76,60.17,8.0,400.0,Female,Economics,Good
1.08,12.6,20.47,41.03,7.0,500.0,Male,Civil Engineering,At-Risk
4.01,27.24,70.0,75.13,6.0,400.0,Male,Civil Engineering,Good
4.72,30.0,50.16,96.96,5.0,500.0,Male,Electrical Engineering,Excellent
3.78,28.62,65.04,56.89,8.0,300.0,Male,Accounting,Good
2.49,11.65,12.62,56.01,8.0,500.0,Female,Mechanical Engineering,Average
4.45,26.03,69.73,78.52,4.0,400.0,Male,Economics,Good
2.87,16.38,40.16,74.08,4.0,200.0,Male,Other,Average
3.85,16.66,35.12,75.78,4.0,300.0,Male,Other,Good
4.19,23.84,62.26,98.27,5.0,200.0,Female,Medicine,Good
3.87,29.91,63.42,83.09,4.0,200.0,Female,Law,Good
1.8,11.96,28.05,47.44,8.0,200.0,Female,Other,At-Risk
1.03,0.0,19.1,44.76,8.0,300.0,Female,Medicine,At-Risk
1.57,1.66,18.72,45.33,4.0,200.0,Female,Mechanical Engineering,At-Risk
2.76,24.9,23.79,71.75,8.0,400.0,Female,Accounting,Average
2.77,16.19,44.37,49.96,4.0,200.0,Female,Mass Communication,Average
3.12,15.49,57.7,59.23,7.0,300.0,Female,Medicine,Average
2.28,12.3,40.93,61.89,5.0,100.0,Male,Civil Engineering,At-Risk
4.04,16.86,40.67,90.75,4.0,200.0,Male,Electrical Engineering,Good
4.61,30.0,52.41,63.29,6.0,200.0,Female,Electrical Engineering,Excellent
1.61,7.7,15.78,63.07,8.0,500.0,Male,Business Administration,At-Risk
3.81,29.72,40.66,74.37,8.0,300.0,Female,Law,Good
3.55,21.56,50.07,53.77,4.0,100.0,Female,Economics,Good
2.85,24.27,43.1,34.23,8.0,200.0,Male,Computer Science,Average
1.35,9.37,7.44,30.89,5.0,400.0,Male,Other,At-Risk
4.08,28.74,63.32,78.75,6.0,100.0,Female,Business Administration,Good
4.82,30.0,70.0,87.21,4.0,100.0,Male,Business Administration,Excellent
3.75,25.61,48.09,81.31,8.0,200.0,Female,Mass Communication,Good
4.63,29.52,63.45,80.07,7.0,200.0,Male,Business Administration,Excellent
4.93,28.41,53.41,78.07,7.0,300.0,Female,Economics,Excellent
2.08,22.08,26.52,50.88,7.0,100.0,Male,Other,At-Risk
3.37,15.7,47.27,70.8,8.0,400.0,Female,Accounting,Average
2.63,15.82,38.21,63.9,4.0,200.0,Female,Economics,Average
4.94,29.71,70.0,81.39,5.0,400.0,Male,Civil Engineering,Excellent
0.92,7.55,14.86,50.08,4.0,300.0,Female,Mass Communication,At-Risk
2.36,11.99,30.86,52.05,6.0,200.0,Female,Computer Science,At-Risk
4.44,28.21,64.45,74.58,6.0,300.0,Male,Civil Engineering,Good
1.78,9.83,32.91,45.91,4.0,100.0,Female,Other,At-Risk
4.05,16.36,55.87,89.29,7.0,400.0,Female,Accounting,Good
2.22,13.38,33.66,55.34,4.0,200.0,Female,Electrical Engineering,At-Risk
4.91,23.96,67.25,81.97,7.0,200.0,Male,Business Administration,Excellent
4.48,18.18,57.49,92.97,7.0,100.0,Male,Mechanical Engineering,Good
1.86,11.82,30.17,73.7,8.0,200.0,Male,Accounting,At-Risk
3.97,26.23,51.08,79.69,4.0,200.0,Female,Mechanical Engineering,Good
2.02,14.73,31.31,66.53,8.0,200.0,Female,Business Administration,At-Risk
3.23,22.21,45.43,79.1,6.0,500.0,Female,Mass Communication,Average
3.46,11.12,46.05,65.5,8.0,200.0,Female,Computer Science,Average
4.23,18.59,56.64,81.06,7.0,100.0,Male,Law,Good
0.61,13.53,4.48,24.49,7.0,300.0,Male,Computer Science,At-Risk
1.49,3.71,7.7,45.84,4.0,200.0,Female,Accounting,At-Risk
3.7,25.28,54.91,68.18,7.0,300.0,Female,Medicine,Good
3.04,14.78,44.35,62.4,6.0,400.0,Female,Other,Average
2.73,16.78,45.02,55.26,8.0,100.0,Female,Mechanical Engineering,Average
0.75,1.32,6.23,36.11,7.0,300.0,Female,Computer Science,At-Risk
2.07,15.21,44.1,60.13,4.0,100.0,Female,Law,At-Risk
4.39,27.04,58.46,81.52,8.0,100.0,Female,Mass Communication,Good
0.64,1.59,1.95,19.02,4.0,100.0,Female,Economics,At-Risk
2.28,8.45,24.03,49.95,5.0,100.0,Male,Computer Science,At-Risk
4.75,29.86,52.67,71.84,5.0,200.0,Female,Accounting,Excellent
0.73,0.0,22.47,41.19,8.0,500.0,Female,Business Administration,At-Risk
3.87,25.38,65.2,81.52,4.0,500.0,Male,Business Administration,Good
1.66,23.09,28.04,52.48,8.0,100.0,Female,Computer Science,At-Risk
4.4,30.0,54.43,74.92,5.0,500.0,Female,Civil Engineering,Good
3.86,26.74,68.49,78.76,7.0,400.0,Female,Other,Good
4.49,26.49,59.99,79.13,4.0,300.0,Female,Computer Science,Good
1.47,0.0,18.45,36.28,5.0,400.0,Male,Other,At-Risk
2.89,10.73,51.97,72.11,7.0,300.0,Male,Accounting,Average
4.01,30.0,61.37,86.26,7.0,200.0,Male,Economics,Good
1.61,5.69,40.09,58.76,8.0,300.0,Female,Other,At-Risk
1.54,5.73,23.53,42.38,8.0,400.0,Female,Mechanical Engineering,At-Risk
0.62,2.91,5.54,49.26,6.0,400.0,Female,Other,At-Risk
4.81,23.57,62.49,82.82,5.0,100.0,Male,Civil Engineering,Excellent
3.7,16.04,36.96,80.88,5.0,500.0,Male,Civil Engineering,Good
3.36,19.91,44.81,65.21,8.0,200.0,Female,Business Administration,Average
3.85,18.63,63.03,73.94,7.0,500.0,Female,Economics,Good
2.89,13.65,45.28,40.5,8.0,200.0,Female,Civil Engineering,Average
2.64,11.95,37.16,58.69,6.0,100.0,Female,Law,Average
2.52,17.75,27.36,61.19,6.0,500.0,Female,Computer Science,Average
3.38,19.13,49.16,66.48,8.0,300.0,Female,Medicine,Average
1.41,7.55,27.8,64.44,7.0,200.0,Male,Medicine,At-Risk
4.5,29.96,66.39,72.33,5.0,100.0,Female,Accounting,Good
4.15,24.21,59.47,74.2,6.0,100.0,Female,Economics,Good
2.07,11.05,22.65,45.83,5.0,100.0,Female,Law,At-Risk
3.1,20.97,50.39,61.61,7.0,500.0,Male,Mass Communication,Average
1.13,10.15,0.0,53.93,4.0,100.0,Female,Mechanical Engineering,At-Risk
4.88,28.52,70.0,100.0,8.0,100.0,Female,Accounting,Excellent
4.56,27.78,70.0,77.75,8.0,500.0,Male,Economics,Excellent
4.65,23.98,53.01,78.55,4.0,500.0,Male,Civil Engineering,Excellent
1.99,7.66,26.0,42.37,7.0,200.0,Male,Other,At-Risk
1.26,11.41,17.59,58.2,4.0,400.0,Female,Accounting,At-Risk
1.45,10.94,16.64,58.65,5.0,300.0,Male,Economics,At-Risk
0.91,7.71,20.96,39.8,5.0,300.0,Male,Mechanical Engineering,At-Risk
1.04,7.65,18.35,28.52,6.0,200.0,Male,Business Administration,At-Risk
0.82,5.16,12.71,26.78,8.0,400.0,Male,Economics,At-Risk
4.95,30.0,70.0,91.16,6.0,500.0,Female,Business Administration,Excellent
0.83,9.68,11.8,45.49,5.0,400.0,Female,Law,At-Risk
1.1,11.13,40.79,22.5,4.0,500.0,Female,Electrical Engineering,At-Risk
4.22,24.83,60.33,77.46,8.0,100.0,Female,Electrical Engineering,Good
3.11,25.6,45.12,83.52,5.0,400.0,Male,Civil Engineering,Average
3.98,25.05,42.1,75.64,6.0,500.0,Female,Civil Engineering,Good
3.34,23.2,42.4,84.97,4.0,300.0,Male,Law,Average
4.47,28.23,70.0,90.13,5.0,500.0,Female,Mass Communication,Good
3.37,21.47,36.54,59.63,6.0,200.0,Male,Accounting,Average
2.85,13.42,22.63,61.27,8.0,500.0,Female,Accounting,Average
3.71,25.75,52.16,73.2,5.0,500.0,Male,Civil Engineering,Good
2.51,29.31,46.15,50.63,6.0,400.0,Male,Accounting,Average
2.06,10.47,29.14,44.99,8.0,400.0,Male,Medicine,At-Risk
2.6,15.98,33.77,76.32,5.0,300.0,Female,Medicine,Average
1.26,5.35,2.82,35.39,5.0,200.0,Male,Other,At-Risk
4.08,22.07,60.8,89.8,4.0,300.0,Female,Economics,Good
1.67,17.76,28.71,45.71,8.0,500.0,Male,Civil Engineering,At-Risk
1.19,3.78,2.42,44.03,4.0,100.0,Female,Computer Science,At-Risk
1.61,7.28,31.6,54.92,5.0,200.0,Male,Medicine,At-Risk
4.29,17.8,66.18,75.49,4.0,300.0,Male,Law,Good
1.99,8.13,36.86,59.51,7.0,200.0,Male,Economics,At-Risk
3.59,12.98,54.89,52.58,5.0,400.0,Female,Other,Good
4.35,29.28,66.18,86.64,7.0,200.0,Male,Civil Engineering,Good
0.85,19.1,16.06,15.51,7.0,400.0,Male,Computer Science,At-Risk
3.94,21.82,62.14,75.04,4.0,100.0,Female,Economics,Good
1.88,2.97,11.83,61.16,5.0,200.0,Female,Electrical Engineering,At-Risk
1.47,13.35,8.64,53.92,4.0,400.0,Female,Computer Science,At-Risk
3.6,17.97,44.51,60.22,4.0,300.0,Female,Medicine,Good
4.59,30.0,63.28,73.43,6.0,400.0,Female,Business Administration,Excellent
1.83,9.56,28.69,45.04,5.0,400.0,Female,Economics,At-Risk
3.06,15.2,45.43,68.58,4.0,200.0,Female,Law,Average
1.8,9.94,34.2,31.33,6.0,300.0,Male,Business Administration,At-Risk
2.99,21.75,51.11,65.8,6.0,500.0,Male,Economics,Average
3.3,18.65,39.2,72.69,8.0,500.0,Male,Accounting,Average
3.25,17.0,47.36,66.13,7.0,100.0,Female,Economics,Average
3.31,18.84,39.5,74.92,5.0,400.0,Male,Medicine,Average
1.11,0.29,14.0,45.53,6.0,300.0,Female,Business Administration,At-Risk
3.62,23.71,53.27,68.03,4.0,100.0,Male,Accounting,Good
3.54,12.28,22.24,53.07,5.0,400.0,Male,Economics,Good
3.57,19.21,69.29,74.19,6.0,100.0,Male,Electrical Engineering,Good
0.83,8.8,16.2,30.47,4.0,200.0,Male,Mechanical Engineering,At-Risk
2.51,16.58,30.39,54.35,8.0,400.0,Female,Computer Science,Average
2.34,17.0,48.19,62.88,6.0,500.0,Male,Mechanical Engineering,At-Risk
0.89,5.02,9.68,54.86,7.0,300.0,Male,Business Administration,At-Risk
1.5,14.85,22.07,47.63,5.0,500.0,Male,Other,At-Risk
2.48,19.53,30.88,65.35,8.0,500.0,Male,Other,Average
3.84,25.29,67.02,61.67,5.0,300.0,Female,Law,Good
1.57,14.04,21.1,51.26,8.0,100.0,Female,Economics,At-Risk
4.23,29.16,60.47,80.21,6.0,400.0,Male,Mechanical Engineering,Good
2.96,15.54,51.02,77.77,7.0,100.0,Male,Civil Engineering,Average
3.92,16.81,59.59,71.66,5.0,500.0,Male,Law,Good
2.63,17.86,36.34,59.1,8.0,200.0,Male,Mass Communication,Average
2.75,19.21,47.33,73.54,4.0,400.0,Female,Other,Average
3.29,25.18,66.35,68.54,4.0,400.0,Female,Business Administration,Average
4.68,23.37,68.0,75.02,6.0,300.0,Male,Accounting,Excellent
2.71,11.75,38.92,88.07,8.0,500.0,Male,Accounting,Average
2.88,19.57,41.67,53.76,8.0,400.0,Male,Computer Science,Average
3.21,18.9,55.41,67.86,8.0,500.0,Male,Electrical Engineering,Average
3.82,13.48,48.67,79.29,6.0,100.0,Male,Computer Science,Good
0.82,6.82,9.3,42.56,8.0,300.0,Female,Law,At-Risk
2.82,7.66,27.19,61.95,6.0,500.0,Male,Mechanical Engineering,Average
2.67,11.28,27.87,60.16,6.0,500.0,Male,Medicine,Average
4.65,30.0,60.92,83.42,4.0,300.0,Female,Business Administration,Excellent
2.72,25.45,37.64,51.49,7.0,100.0,Male,Law,Average
2.61,9.57,50.66,82.79,5.0,200.0,Male,Electrical Engineering,Average
4.83,27.33,70.0,85.76,4.0,300.0,Male,Civil Engineering,Excellent
2.53,15.38,28.09,66.3,5.0,400.0,Male,Mechanical Engineering,Average
1.31,16.79,12.57,42.42,7.0,500.0,Male,Business Administration,At-Risk
1.48,6.39,31.66,44.17,5.0,100.0,Male,Economics,At-Risk
0.93,3.19,22.01,36.59,5.0,200.0,Female,Electrical Engineering,At-Risk
0.5,10.76,7.26,20.53,5.0,200.0,Female,Medicine,At-Risk
2.44,12.79,30.67,57.72,6.0,500.0,Male,Other,Average
3.96,27.38,64.46,73.47,7.0,100.0,Male,Computer Science,Good
3.8,15.42,45.26,87.32,7.0,200.0,Male,Computer Science,Good
0.64,3.01,12.16,25.77,4.0,200.0,Female,Other,At-Risk
3.06,10.09,61.09,61.01,5.0,100.0,Male,Medicine,Average
1.19,1.89,18.36,35.35,7.0,400.0,Female,Other,At-Risk
4.73,30.0,60.08,100.0,5.0,300.0,Female,Medicine,Excellent
1.25,7.27,20.83,36.34,4.0,300.0,Male,Medicine,At-Risk
3.32,18.32,42.72,75.46,5.0,500.0,Male,Electrical Engineering,Average
1.97,8.06,16.4,63.32,7.0,300.0,Male,Accounting,At-Risk
3.39,19.22,53.03,69.18,7.0,200.0,Female,Business Administration,Average
2.36,15.64,41.91,44.49,4.0,200.0,Male,Mass Communication,At-Risk
3.92,28.42,52.37,63.38,7.0,500.0,Male,Computer Science,Good
1.54,0.0,18.51,57.05,4.0,300.0,Female,Computer Science,At-Risk
4.58,23.3,56.37,72.31,7.0,100.0,Female,Economics,Excellent
2.75,17.3,37.31,66.93,6.0,400.0,Male,Other,Average
3.9,22.92,50.13,77.97,4.0,400.0,Male,Other,Good
4.32,27.96,52.44,85.66,5.0,200.0,Female,Economics,Good
4.99,30.0,70.0,94.65,8.0,300.0,Male,Business Administration,Excellent
1.51,7.52,24.84,38.76,6.0,300.0,Female,Civil Engineering,At-Risk
1.79,8.11,29.65,41.74,7.0,100.0,Female,Other,At-Risk
1.63,8.53,29.84,56.67,7.0,100.0,Male,Mechanical Engineering,At-Risk
1.68,15.84,29.73,43.9,4.0,400.0,Male,Electrical Engineering,At-Risk
3.12,15.07,40.39,39.95,8.0,400.0,Female,Accounting,Average
4.97,29.51,70.0,96.14,5.0,400.0,Female,Business Administration,Excellent
4.96,30.0,67.24,79.11,7.0,200.0,Male,Accounting,Excellent
2.87,25.02,43.69,69.12,6.0,300.0,Female,Mass Communication,Average
3.38,18.75,49.99,84.44,6.0,500.0,Female,Mechanical Engineering,Average
4.37,30.0,58.12,82.61,5.0,200.0,Female,Mass Communication,Good
4.7,30.0,55.14,96.34,8.0,400.0,Female,Mechanical Engineering,Excellent
1.42,8.19,21.01,48.55,4.0,100.0,Male,Civil Engineering,At-Risk
2.88,16.22,38.66,80.42,8.0,100.0,Female,Computer Science,Average
4.25,23.84,44.35,70.35,5.0,500.0,Female,Medicine,Good
1.86,9.91,30.16,52.29,8.0,100.0,Male,Mass Communication,At-Risk
2.48,19.15,42.43,66.48,4.0,400.0,Male,Mass Communication,Average
4.94,30.0,70.0,87.32,4.0,300.0,Female,Electrical Engineering,Excellent
4.93,30.0,65.93,100.0,4.0,500.0,Female,Law,Excellent
4.58,21.84,59.78,80.61,6.0,300.0,Male,Electrical Engineering,Excellent
4.09,19.72,48.43,99.81,5.0,400.0,Female,Economics,Good
1.71,20.98,25.62,71.76,6.0,500.0,Female,Medicine,At-Risk
1.94,10.77,28.83,56.15,8.0,500.0,Female,Electrical Engineering,At-Risk
2.96,13.9,34.99,71.08,4.0,400.0,Female,Electrical Engineering,Average
3.02,25.3,40.93,78.2,6.0,100.0,Female,Computer Science,Average
2.77,18.06,23.02,51.43,7.0,100.0,Male,Medicine,Average
3.37,23.08,54.52,57.26,6.0,300.0,Female,Economics,Average
2.34,13.33,26.56,70.61,8.0,400.0,Female,Electrical Engineering,At-Risk
3.87,21.63,53.92,79.2,7.0,400.0,Female,Accounting,Good
2.0,11.16,16.6,51.75,4.0,400.0,Female,Law,At-Risk
1.99,5.01,23.17,53.97,6.0,100.0,Male,Mechanical Engineering,At-Risk
1.07,6.0,12.78,19.01,5.0,100.0,Female,Economics,At-Risk
1.35,9.58,18.8,44.28,4.0,100.0,Female,Civil Engineering,At-Risk
4.33,30.0,64.42,74.4,8.0,300.0,Female,Mechanical Engineering,Good
2.51,15.48,46.63,69.28,5.0,400.0,Male,Business Administration,Average
1.53,0.0,27.22,58.26,4.0,100.0,Male,Civil Engineering,At-Risk
3.92,23.03,62.54,82.77,5.0,500.0,Male,Accounting,Good
2.99,30.0,53.47,69.87,8.0,200.0,Female,Mechanical Engineering,Average
0.6,7.9,12.89,22.17,6.0,400.0,Female,Business Administration,At-Risk
1.92,7.49,26.64,58.99,8.0,400.0,Male,Economics,At-Risk
1.3,10.73,26.22,51.85,6.0,100.0,Male,Business Administration,At-Risk
3.45,17.0,56.9,83.87,4.0,500.0,Female,Medicine,Average
1.74,3.66,29.52,72.03,5.0,500.0,Female,Electrical Engineering,At-Risk
0.79,3.01,0.0,22.58,4.0,500.0,Female,Electrical Engineering,At-Risk
0.75,4.94,3.73,35.08,6.0,100.0,Male,Mass Communication,At-Risk
3.12,9.35,41.45,59.99,5.0,200.0,Female,Accounting,Average
0.6,0.0,14.61,38.9,8.0,200.0,Male,Economics,At-Risk
4.32,25.97,60.3,81.97,5.0,300.0,Female,Law,Good
1.2,5.15,25.88,42.05,5.0,500.0,Female,Electrical Engineering,At-Risk
3.23,21.35,55.74,79.03,8.0,400.0,Female,Other,Average
2.5,8.93,44.61,49.0,6.0,400.0,Male,Business Administration,Average
2.49,18.53,44.54,49.5,4.0,300.0,Female,Mass Communication,Average
0.82,0.0,3.23,29.63,6.0,500.0,Female,Business Administration,At-Risk
4.11,30.0,61.43,75.75,5.0,500.0,Female,Business Administration,Good
4.52,18.53,58.4,71.94,7.0,500.0,Female,Economics,Excellent
0.55,0.0,0.0,36.11,6.0,500.0,Female,Mechanical Engineering,At-Risk
1.3,9.91,15.95,43.99,7.0,400.0,Female,Economics,At-Risk
4.57,30.0,70.0,76.95,8.0,100.0,Male,Other,Excellent
2.97,19.41,45.3,74.41,7.0,200.0,Male,Medicine,Average
1.18,9.87,32.59,43.51,5.0,400.0,Male,Computer Science,At-Risk
1.41,8.56,21.19,57.58,5.0,200.0,Female,Medicine,At-Risk
3.47,15.69,68.16,69.69,6.0,100.0,Male,Computer Science,Average
3.76,20.12,54.08,74.9,6.0,500.0,Male,Electrical Engineering,Good
3.2,13.12,44.94,62.74,5.0,300.0,Female,Civil Engineering,Average
4.79,22.34,56.81,87.4,8.0,500.0,Male,Civil Engineering,Excellent
2.72,18.35,47.01,69.8,8.0,200.0,Male,Computer Science,Average
1.85,5.49,21.9,48.1,5.0,200.0,Male,Computer Science,At-Risk
2.65,17.48,31.89,66.95,7.0,200.0,Male,Law,Average
2.12,6.2,39.91,47.29,8.0,200.0,Male,Accounting,At-Risk
1.51,10.54,30.4,55.71,4.0,300.0,Female,Mechanical Engineering,At-Risk
0.71,1.8,18.95,32.68,5.0,200.0,Female,Business Administration,At-Risk
2.08,19.54,26.29,63.54,7.0,500.0,Female,Medicine,At-Risk
3.7,23.83,51.41,75.03,6.0,200.0,Male,Law,Good
0.58,9.68,7.68,52.21,7.0,300.0,Female,Civil Engineering,At-Risk
2.48,11.08,40.93,48.17,6.0,500.0,Male,Electrical Engineering,Average
3.4,20.67,60.0,56.01,4.0,300.0,Male,Other,Average
3.25,14.58,48.4,62.8,6.0,100.0,Female,Economics,Average
3.99,21.9,70.0,64.09,6.0,100.0,Male,Other,Good
4.15,23.57,65.24,65.94,8.0,300.0,Male,Civil Engineering,Good
3.7,18.59,49.96,80.65,4.0,400.0,Male,Electrical Engineering,Good
0.96,0.0,20.11,41.51,4.0,500.0,Male,Business Administration,At-Risk
2.64,8.76,50.57,56.85,4.0,100.0,Female,Civil Engineering,Average
3.22,7.59,61.0,64.71,6.0,300.0,Male,Medicine,Average
1.61,4.35,31.97,43.29,8.0,200.0,Male,Medicine,At-Risk
0.69,7.29,9.89,54.8,7.0,300.0,Male,Computer Science,At-Risk
1.51,1.04,19.35,40.72,8.0,300.0,Female,Economics,At-Risk
2.55,8.44,40.27,47.34,8.0,200.0,Female,Civil Engineering,Average
2.36,23.13,46.47,66.31,7.0,100.0,Female,Economics,At-Risk
1.3,4.59,21.6,43.38,7.0,100.0,Female,Business Administration,At-Risk
4.21,26.86,62.57,100.0,5.0,300.0,Male,Accounting,Good
4.67,30.0,65.73,80.73,8.0,200.0,Female,Medicine,Excellent
1.41,11.75,17.06,55.33,7.0,200.0,Male,Civil Engineering,At-Risk
4.68,20.49,64.27,97.02,8.0,100.0,Female,Mechanical Engineering,Excellent
0.58,2.33,9.21,31.75,8.0,100.0,Female,Medicine,At-Risk
4.66,19.88,70.0,78.52,5.0,100.0,Male,Other,Excellent
4.78,30.0,65.05,94.82,4.0,200.0,Male,Business Administration,Excellent
0.55,0.0,8.18,42.4,8.0,100.0,Female,Other,At-Risk
3.93,18.36,48.15,63.1,6.0,200.0,Male,Mechanical Engineering,Good
4.87,23.99,70.0,77.11,8.0,200.0,Male,Mass Communication,Excellent
4.58,19.98,70.0,59.55,7.0,200.0,Male,Other,Excellent
4.87,30.0,70.0,94.37,5.0,100.0,Male,Civil Engineering,Excellent
2.98,29.97,43.3,63.1,5.0,100.0,Male,Electrical Engineering,Average
0.85,2.73,16.52,38.6,7.0,500.0,Male,Medicine,At-Risk
4.32,19.34,59.31,64.97,5.0,400.0,Male,Mass Communication,Good
3.26,8.39,49.9,58.17,5.0,100.0,Male,Computer Science,Average
3.27,18.38,48.24,64.42,5.0,200.0,Female,Medicine,Average
2.38,12.68,33.75,51.81,7.0,200.0,Female,Mass Communication,At-Risk
3.07,15.18,44.13,68.06,4.0,500.0,Female,Computer Science,Average
1.19,8.25,20.29,50.13,4.0,500.0,Male,Accounting,At-Risk
3.83,24.95,51.25,98.64,4.0,400.0,Male,Computer Science,Good
0.84,6.64,9.79,39.85,7.0,100.0,Male,Electrical Engineering,At-Risk
3.78,21.12,66.64,86.56,4.0,300.0,Female,Accounting,Good
4.32,20.41,70.0,73.55,6.0,300.0,Male,Civil Engineering,Good
2.63,19.09,27.13,44.76,4.0,400.0,Male,Computer Science,Average
2.79,16.83,29.04,60.01,6.0,500.0,Female,Law,Average
1.9,15.87,19.01,36.88,4.0,200.0,Male,Mechanical Engineering,At-Risk
4.86,30.0,67.25,88.5,4.0,300.0,Female,Mass Communication,Excellent
3.8,15.69,60.35,67.78,6.0,200.0,Male,Electrical Engineering,Good
2.16,5.79,34.98,36.38,7.0,200.0,Female,Accounting,At-Risk
1.29,3.94,19.39,62.8,4.0,200.0,Female,Medicine,At-Risk
1.49,3.65,25.06,42.48,6.0,400.0,Female,Accounting,At-Risk
2.59,19.3,30.69,44.68,8.0,300.0,Female,Business Administration,Average
4.74,30.0,64.43,95.88,7.0,400.0,Female,Law,Excellent
3.8,28.32,53.09,68.36,7.0,400.0,Male,Computer Science,Good
1.47,10.79,7.89,58.52,5.0,200.0,Male,Mass Communication,At-Risk
4.37,27.25,51.86,75.08,8.0,500.0,Male,Medicine,Good
2.2,19.21,21.85,51.01,4.0,100.0,Male,Law,At-Risk
4.33,28.35,66.77,85.44,7.0,500.0,Female,Business Administration,Good
1.59,9.87,24.19,54.98,6.0,100.0,Male,Business Administration,At-Risk
3.28,27.11,50.86,77.09,4.0,200.0,Male,Economics,Average
4.67,28.6,50.66,85.14,8.0,500.0,Male,Medicine,Excellent
1.66,8.44,11.38,55.21,7.0,400.0,Male,Other,At-Risk
3.62,17.52,55.96,80.87,5.0,200.0,Female,Mass Communication,Good
4.94,30.0,46.97,91.32,4.0,500.0,Male,Computer Science,Excellent
1.18,13.25,26.28,42.71,7.0,100.0,Male,Electrical Engineering,At-Risk
0.9,5.13,0.0,26.32,6.0,400.0,Female,Other,At-Risk
3.53,27.74,56.22,78.4,4.0,300.0,Male,Business Administration,Good
2.03,2.32,21.29,54.77,8.0,200.0,Male,Economics,At-Risk
0.82,4.65,19.88,35.71,7.0,500.0,Female,Computer Science,At-Risk
2.64,15.63,62.61,74.44,6.0,400.0,Female,Electrical Engineering,Average
3.89,19.72,36.3,62.43,5.0,100.0,Male,Business Administration,Good
1.78,22.62,30.53,67.84,5.0,100.0,Female,Medicine,At-Risk
2.01,11.72,13.64,53.87,6.0,100.0,Male,Law,At-Risk
4.31,23.8,63.69,84.84,4.0,300.0,Male,Mass Communication,Good
2.84,17.17,38.11,60.13,5.0,300.0,Male,Mechanical Engineering,Average
